Madeleine,Macey,Madeleine.Macey@yopmail.com,1971-04-11,23992600405,Sarajevo
Glenda,Wooster,Glenda.Wooster@yopmail.com,1904-06-19,53376024766,Bangui
Zaria,Allare,Zaria.Allare@yopmail.com,1944-06-17,49215759593,Jakarta
Catharine,Hanleigh,Catharine.Hanleigh@yopmail.com,1923-03-21,33156681073,Philadelphia
Arabel,Skell,Arabel.Skell@yopmail.com,1988-10-16,1129870328,Surat Thani
Dacia,Jacinda,Dacia.Jacinda@yopmail.com,1945-06-09,29741482107,Sucre
Margarette,O'Neill,Margarette.O'Neill@yopmail.com,1920-10-23,47331689504,Boa Vista
Shel,Ammann,Shel.Ammann@yopmail.com,1928-10-08,1545157655,Málaga
Wilma,Prouty,Wilma.Prouty@yopmail.com,1961-09-15,18539815246,Nukus
Beverley,Bashemeth,Beverley.Bashemeth@yopmail.com,1944-05-25,17176656498,Assis
Ariela,Romelda,Ariela.Romelda@yopmail.com,1975-10-21,8971661194,Ho Chi Minh City
Danika,Wind,Danika.Wind@yopmail.com,2016-12-02,67564566994,Nanning
Jordan,Weinreb,Jordan.Weinreb@yopmail.com,1943-02-08,2333732351,Xi'an
Shell,Sigfrid,Shell.Sigfrid@yopmail.com,1954-08-21,50861861517,Bilbao
Mady,Chaing,Mady.Chaing@yopmail.com,2001-01-02,24123498827,Medan
Madalyn,Kaja,Madalyn.Kaja@yopmail.com,1915-03-04,47423900856,Toulouse
Aurore,Braun,Aurore.Braun@yopmail.com,1950-08-06,26068356171,La Serena
Gui,Jacqui,Gui.Jacqui@yopmail.com,2011-06-22,47980772133,Adelaide
Josephine,Argus,Josephine.Argus@yopmail.com,1936-07-01,25878608345,Nassau
Nita,Frodi,Nita.Frodi@yopmail.com,1908-03-29,8885315946,Boa Vista
Lulita,Clywd,Lulita.Clywd@yopmail.com,1926-04-09,75501380427,Belfast
Concettina,Darrell,Concettina.Darrell@yopmail.com,1953-04-24,44827297073,Lobamba
Henriette,Dreda,Henriette.Dreda@yopmail.com,1978-05-10,74885968576,Baku
Estell,Lubin,Estell.Lubin@yopmail.com,2008-12-29,28277912192,Anadyr (town)
Jordan,McNully,Jordan.McNully@yopmail.com,1955-10-30,69478611934,Tartu
Lorenza,Lareena,Lorenza.Lareena@yopmail.com,1984-08-11,80812918416,Caracas
Britni,Peti,Britni.Peti@yopmail.com,2010-01-18,57609221457,Kawasaki
Damaris,Yate,Damaris.Yate@yopmail.com,1923-01-23,79381728458,Tiraspol
Demetris,Ephrem,Demetris.Ephrem@yopmail.com,1962-02-19,86538494418,Amritsar
Gilda,Juan,Gilda.Juan@yopmail.com,1962-08-09,97130215475,Istanbul
Lizzie,Paine,Lizzie.Paine@yopmail.com,1954-10-17,14821790524,Paramaribo
Malina,Harday,Malina.Harday@yopmail.com,1914-12-03,46459437002,Jerusalem
Zondra,Dimitris,Zondra.Dimitris@yopmail.com,2016-05-20,6905392260,Porto Alegre
Dyann,Arley,Dyann.Arley@yopmail.com,1971-04-13,35398135301,Berlin
Inga,Killigrew,Inga.Killigrew@yopmail.com,1976-12-29,7788291076,Tucson
Queenie,Gualtiero,Queenie.Gualtiero@yopmail.com,1948-05-15,4136551152,Antwerp
Romona,Nore,Romona.Nore@yopmail.com,1964-04-09,29161506312,Darwin
Doralynne,Thema,Doralynne.Thema@yopmail.com,1969-09-21,43008233434,Bogotá
Ira,Garek,Ira.Garek@yopmail.com,1908-07-25,25043154019,Toulouse
Danny,Albertine,Danny.Albertine@yopmail.com,2008-02-10,61847168033,Bulawayo
Estell,Othilia,Estell.Othilia@yopmail.com,1961-09-05,99920246468,Tokyo
Ada,Phaidra,Ada.Phaidra@yopmail.com,1989-02-26,41373067184,Guadalajara
Cherilyn,Arquit,Cherilyn.Arquit@yopmail.com,1920-01-26,21133054173,Peshawar
Lynea,Lory,Lynea.Lory@yopmail.com,1972-08-28,97280871206,Linz
Hildegaard,Eachern,Hildegaard.Eachern@yopmail.com,1909-02-07,69809351970,Buffalo
Agathe,Rebecka,Agathe.Rebecka@yopmail.com,1922-10-26,19321722633,Belgrade
Mady,Allina,Mady.Allina@yopmail.com,2009-02-18,48905450997,Mexico City
Shaine,McLaughlin,Shaine.McLaughlin@yopmail.com,1929-10-06,50866927112,Aberdeen
Amara,Dahlia,Amara.Dahlia@yopmail.com,1955-10-30,71676706869,Cartagena
Elora,Shaver,Elora.Shaver@yopmail.com,1984-06-25,32416679711,Gaborone
Hermione,Hepsibah,Hermione.Hepsibah@yopmail.com,1945-10-06,93701861999,Tokyo
Natka,Milde,Natka.Milde@yopmail.com,1907-11-06,61912276398,Thimphu
Amalie,Ulphia,Amalie.Ulphia@yopmail.com,1990-01-07,53687771008,Kanpur
Meghann,Gino,Meghann.Gino@yopmail.com,1933-04-26,62261837945,Chongqing
Rosaline,Olin,Rosaline.Olin@yopmail.com,2018-12-22,38234569827,Riyadh
Camile,Moseley,Camile.Moseley@yopmail.com,1960-11-15,16433298748,The Hague
Pollyanna,Olympium,Pollyanna.Olympium@yopmail.com,1983-09-16,57445830982,La Serena
Stephanie,Burnside,Stephanie.Burnside@yopmail.com,1924-07-27,46369700223,Porto Velho
Heddie,Mott,Heddie.Mott@yopmail.com,1913-09-02,9572788209,Blantyre
Christal,Kinnard,Christal.Kinnard@yopmail.com,1972-03-24,33547202344,Skopje
Georgina,Ralfston,Georgina.Ralfston@yopmail.com,1918-05-17,98023308783,Calama
Tybie,Thilda,Tybie.Thilda@yopmail.com,1930-01-07,82934933336,Tucson
Alejandra,Malvino,Alejandra.Malvino@yopmail.com,2012-07-14,97119767269,Kaohsiung
Betta,Hertzfeld,Betta.Hertzfeld@yopmail.com,1994-08-13,17333824153,Boa Vista
Halette,Saree,Halette.Saree@yopmail.com,1994-12-01,16859188001,Lobamba
Florie,Waite,Florie.Waite@yopmail.com,1964-01-16,96179503676,Recife
Blake,Sammons,Blake.Sammons@yopmail.com,1948-04-23,241502016,Kingstown
Paulita,Ophelia,Paulita.Ophelia@yopmail.com,1960-01-06,41743032310,Turin
Melodie,Mandler,Melodie.Mandler@yopmail.com,1994-04-16,15218156105,Bilbao
Debee,Maiah,Debee.Maiah@yopmail.com,1907-11-09,47395359772,São Paulo
Leeanne,Weide,Leeanne.Weide@yopmail.com,2019-01-27,98925303921,Jeddah
Aubrie,Jeanne,Aubrie.Jeanne@yopmail.com,1965-02-26,13503335352,Mersin
Morganica,Suk,Morganica.Suk@yopmail.com,2018-03-20,38369423109,Fairbanks
Sharai,Ortrude,Sharai.Ortrude@yopmail.com,1976-03-02,56508797697,Bogotá
Kittie,Norrie,Kittie.Norrie@yopmail.com,1992-06-21,39002503030,Skopje
Raina,Zola,Raina.Zola@yopmail.com,1933-07-29,57083167601,Hyderabad
Therine,Heisel,Therine.Heisel@yopmail.com,1930-03-26,74680323506,Surabaya
Jordan,Ovid,Jordan.Ovid@yopmail.com,1964-03-31,39395515253,Kingston
Tonia,Annice,Tonia.Annice@yopmail.com,1995-01-15,49920532058,Concepción
Lizzie,Daniele,Lizzie.Daniele@yopmail.com,1929-06-06,39839844556,Luxor
Danika,Herrera,Danika.Herrera@yopmail.com,1975-07-21,44934889331,Greenwich
Ada,Obed,Ada.Obed@yopmail.com,1974-01-03,17192494894,Gaziantep
Deedee,Montgomery,Deedee.Montgomery@yopmail.com,2014-01-07,35880959745,Nagoya
Etta,Poll,Etta.Poll@yopmail.com,1917-09-05,16380246842,Nouméa
Antonietta,Deny,Antonietta.Deny@yopmail.com,1902-09-01,41193835039,Djibouti (city)
Donetta,Gert,Donetta.Gert@yopmail.com,1919-07-16,60819970499,Arbil
Vevay,Ezar,Vevay.Ezar@yopmail.com,1983-10-15,79906060702,Koulikoro
Ilse,Bakerman,Ilse.Bakerman@yopmail.com,1999-01-13,79313695920,Jerusalem
Ida,Friede,Ida.Friede@yopmail.com,2003-04-21,44823682107,Campinas
Nicoli,Ammann,Nicoli.Ammann@yopmail.com,1900-12-09,79753765811,Port of Spain
Merry,Charmine,Merry.Charmine@yopmail.com,1974-08-02,74916744705,Durango
Cherilyn,Cassius,Cherilyn.Cassius@yopmail.com,1930-12-08,88173181209,Handan
Basia,Zenas,Basia.Zenas@yopmail.com,1982-09-28,75921172496,Davao City
Alia,Madox,Alia.Madox@yopmail.com,1918-06-25,28221320767,Cotonou
Cassondra,Isacco,Cassondra.Isacco@yopmail.com,1969-08-01,18314621297,Karachi
Joeann,Skell,Joeann.Skell@yopmail.com,1946-05-24,60389854175,Tirana
Vanessa,Anderea,Vanessa.Anderea@yopmail.com,1964-03-11,85879353079,Jersey City
Chastity,Shanley,Chastity.Shanley@yopmail.com,2017-01-25,33723729560,Odessa
Harmonia,Lytton,Harmonia.Lytton@yopmail.com,1987-01-31,20172537722,Udon Thani
Nonnah,Read,Nonnah.Read@yopmail.com,1922-12-31,78088190534,Saint-Pierre
Cyndie,Sacken,Cyndie.Sacken@yopmail.com,1990-09-19,18811121575,Khartoum
Lyssa,Honoria,Lyssa.Honoria@yopmail.com,2004-01-27,16021223117,Valletta
Augustine,Gaynor,Augustine.Gaynor@yopmail.com,1948-03-05,50794538758,Alofi
Bobinette,Cressida,Bobinette.Cressida@yopmail.com,1910-10-18,68386048669,Hai Phong
Georgina,Bartlett,Georgina.Bartlett@yopmail.com,1901-12-06,1579833988,Port Said
Olivette,Riva,Olivette.Riva@yopmail.com,1926-02-12,92594707889,South Tarawa
Yetty,Payson,Yetty.Payson@yopmail.com,1957-04-03,43415983591,Valparaíso
Tressa,Isacco,Tressa.Isacco@yopmail.com,1922-01-02,84624225148,Bissau
Sandie,Rona,Sandie.Rona@yopmail.com,1947-09-24,28179715917,Hiroshima
Blondelle,Bates,Blondelle.Bates@yopmail.com,1942-05-13,76682920310,Odessa
Ermengarde,Charmine,Ermengarde.Charmine@yopmail.com,2000-10-29,68813995171,Glasgow
Ira,Hurley,Ira.Hurley@yopmail.com,1918-06-01,57998238364,Cusco
Kimmy,Lubin,Kimmy.Lubin@yopmail.com,1950-10-16,15844652816,Castries
Laurene,Delila,Laurene.Delila@yopmail.com,1933-01-22,53387438719,Nanning
Katuscha,Brunell,Katuscha.Brunell@yopmail.com,1907-02-11,92435857750,Boston
Carolina,Euridice,Carolina.Euridice@yopmail.com,1957-08-01,56022295041,Mérida
Marline,Kolnick,Marline.Kolnick@yopmail.com,1903-08-06,740748784,Riyadh
Talya,Sandye,Talya.Sandye@yopmail.com,2018-01-10,23571432754,Chaguanas
Jemie,Gilbertson,Jemie.Gilbertson@yopmail.com,1915-02-24,78745540335,Cape Town
Xylina,Dermott,Xylina.Dermott@yopmail.com,1900-12-18,44639435955,Xining
Ekaterina,Judye,Ekaterina.Judye@yopmail.com,2010-11-02,25980661300,Veracruz
Elfreda,Chem,Elfreda.Chem@yopmail.com,1991-11-28,67301038048,Ipoh
Britni,Aprile,Britni.Aprile@yopmail.com,1965-03-24,51344716744,Huế
Wileen,Lorain,Wileen.Lorain@yopmail.com,1919-04-28,70869529933,Kota Bharu
Carmencita,Mitzi,Carmencita.Mitzi@yopmail.com,1986-07-17,77867589594,Indianapolis
Rhea,Moina,Rhea.Moina@yopmail.com,1956-04-19,95990159112,Beirut
Marylou,Stav,Marylou.Stav@yopmail.com,1996-10-01,42889135947,Toulouse
Maridel,Oscar,Maridel.Oscar@yopmail.com,1961-06-06,32388536850,Yamoussoukro
Robbi,Gemini,Robbi.Gemini@yopmail.com,2001-12-23,17807861309,Manchester
Shauna,Kirbee,Shauna.Kirbee@yopmail.com,2013-04-10,77259942507,Davao City
Kore,Palocz,Kore.Palocz@yopmail.com,1964-07-08,75381421963,Shillong
Kate,Orpah,Kate.Orpah@yopmail.com,1973-03-26,84575890752,Valparaíso
Georgina,Franza,Georgina.Franza@yopmail.com,2004-10-03,15079780557,Belém
Yolane,Carleen,Yolane.Carleen@yopmail.com,1963-11-11,24213571257,La Serena
Carlie,Morgun,Carlie.Morgun@yopmail.com,1953-07-09,60941520621,San Diego
Dulce,Therine,Dulce.Therine@yopmail.com,2012-03-28,35906843275,Maracaibo
Dede,Deny,Dede.Deny@yopmail.com,1969-11-20,80647031993,Peshawar
Roxane,Yorick,Roxane.Yorick@yopmail.com,1934-05-22,52527060538,Puerto Williams
Ruthe,Gino,Ruthe.Gino@yopmail.com,1920-02-27,8404843686,Kuching
Reeba,Birdella,Reeba.Birdella@yopmail.com,1957-02-21,44705427495,Detroit
Minne,Ader,Minne.Ader@yopmail.com,1935-08-27,82810492720,Mandurah
Joceline,Elbertina,Joceline.Elbertina@yopmail.com,1963-11-15,89549293149,Philadelphia
Lindie,Stav,Lindie.Stav@yopmail.com,2010-11-01,10713126213,Sofia
Camile,Helfand,Camile.Helfand@yopmail.com,1914-04-18,82476695080,Prague
Atlanta,Anestassia,Atlanta.Anestassia@yopmail.com,1997-11-02,90321400667,Djibouti (city)
Betta,Robertson,Betta.Robertson@yopmail.com,1980-11-12,76493628680,Macau
Marika,Pauly,Marika.Pauly@yopmail.com,1989-02-14,24655893163,Aberdeen
Tracey,Merat,Tracey.Merat@yopmail.com,1998-04-26,4366081652,Bratislava
Yvonne,Fry,Yvonne.Fry@yopmail.com,1953-03-08,79692398544,Lilongwe
Sophia,Truc,Sophia.Truc@yopmail.com,1963-09-07,79790647656,Juneau
Elise,Lynn,Elise.Lynn@yopmail.com,1903-05-30,57732629910,Pelotas
Eolanda,Diogenes,Eolanda.Diogenes@yopmail.com,1923-06-21,67522521355,Minneapolis
Mellicent,Rad,Mellicent.Rad@yopmail.com,2019-12-27,35988406953,Cairo
Augustine,Melan,Augustine.Melan@yopmail.com,1939-05-07,54825538325,Almaty
Caryl,McCutcheon,Caryl.McCutcheon@yopmail.com,2014-01-09,20348660984,Shigatse
Cherilyn,Bronk,Cherilyn.Bronk@yopmail.com,1967-08-29,60739709909,Yaoundé
Edee,Demitria,Edee.Demitria@yopmail.com,2004-12-26,86907556404,Regina
Maisey,LaRue,Maisey.LaRue@yopmail.com,1914-12-09,99793784720,Xining
Calla,Bergman,Calla.Bergman@yopmail.com,1971-01-11,1747149780,Bishkek
Tori,Roarke,Tori.Roarke@yopmail.com,1980-02-15,71052132167,Ouagadougou
Vanessa,Socha,Vanessa.Socha@yopmail.com,1988-12-14,45747347422,Brussels
Johna,Seligman,Johna.Seligman@yopmail.com,1947-03-21,37354468542,Belmopan
Juliane,Joachim,Juliane.Joachim@yopmail.com,1933-08-05,83726619583,Hargeisa
Angela,Medrek,Angela.Medrek@yopmail.com,1919-01-25,75156370255,Quito
Mignon,Ardeha,Mignon.Ardeha@yopmail.com,1969-12-28,41002916609,Canberra
Gavrielle,Elbertina,Gavrielle.Elbertina@yopmail.com,1925-04-28,98781449198,Salt Lake City
Kylynn,Barney,Kylynn.Barney@yopmail.com,2019-04-17,58710771616,Cebu City
Emmey,Narton,Emmey.Narton@yopmail.com,1971-05-12,71450847633,Sukhumi
Ofilia,Hermes,Ofilia.Hermes@yopmail.com,1972-10-24,46006208874,Nagpur
Kate,Rossner,Kate.Rossner@yopmail.com,1980-05-06,6488877160,Koror
Maridel,Zenas,Maridel.Zenas@yopmail.com,1950-03-06,43429481716,Malmö
Brena,Darian,Brena.Darian@yopmail.com,1998-11-03,69391624436,George Town
Ottilie,Christine,Ottilie.Christine@yopmail.com,1920-01-04,30962029514,Riverside
Merci,Colyer,Merci.Colyer@yopmail.com,1935-07-05,42070761109,Ponta Delgada
Annora,Hilbert,Annora.Hilbert@yopmail.com,1959-06-10,14935567384,Odessa
Judy,Stav,Judy.Stav@yopmail.com,1982-12-26,35502090558,Bahía Blanca
Jere,Tatianas,Jere.Tatianas@yopmail.com,1991-08-14,21647620978,Cotonou
Allyce,Kathie,Allyce.Kathie@yopmail.com,1997-05-21,88009814255,Phuket (city)
Ebonee,Silvan,Ebonee.Silvan@yopmail.com,1961-12-26,70164620024,Brisbane
Malina,Janene,Malina.Janene@yopmail.com,1992-09-30,96228221350,Antofagasta
Gabi,Anastatius,Gabi.Anastatius@yopmail.com,1976-06-22,49992034828,Quezon City
Lolita,Eliathas,Lolita.Eliathas@yopmail.com,1907-01-09,36203707219,Linz
Lucy,Frendel,Lucy.Frendel@yopmail.com,1951-10-08,20046437161,El Paso
Arlena,Sprage,Arlena.Sprage@yopmail.com,2002-07-12,58313448087,El Paso
Natka,Markman,Natka.Markman@yopmail.com,1928-06-05,85140734587,Bamako
Selia,Karna,Selia.Karna@yopmail.com,2018-05-25,43181871463,Changchun
Adriana,Rosette,Adriana.Rosette@yopmail.com,1924-12-18,50951999265,Monterrey
Kirbee,Poll,Kirbee.Poll@yopmail.com,1947-01-15,32641584129,Rotterdam
Ileana,Gino,Ileana.Gino@yopmail.com,2004-10-04,2622002597,Sabha
Lorenza,Whiffen,Lorenza.Whiffen@yopmail.com,1987-05-13,65392826738,Phuket (city)
Carlie,Zola,Carlie.Zola@yopmail.com,1900-04-11,87186206922,Oslo
Molli,Ventre,Molli.Ventre@yopmail.com,1926-04-04,8419965024,Manama
Alejandra,Elisha,Alejandra.Elisha@yopmail.com,1985-07-02,99755335513,Taiyuan
Karly,Honoria,Karly.Honoria@yopmail.com,1989-01-27,61408737981,Seville
Liana,Clywd,Liana.Clywd@yopmail.com,1986-12-29,76539520436,Porto
Corene,Warthman,Corene.Warthman@yopmail.com,1950-02-22,40315091250,Kandahar
Deedee,Himelman,Deedee.Himelman@yopmail.com,1984-11-13,70197301108,Papeete
Lulita,Drus,Lulita.Drus@yopmail.com,1967-03-27,55735900998,London
Tierney,Schenck,Tierney.Schenck@yopmail.com,1974-01-24,34470308778,Atlanta
Molli,Love,Molli.Love@yopmail.com,1978-10-24,14113463099,Kigali
Ada,Philoo,Ada.Philoo@yopmail.com,1911-02-12,46905610887,Amsterdam
Cassondra,Hilbert,Cassondra.Hilbert@yopmail.com,1910-09-18,13791112520,Casablanca
Almeta,Ogren,Almeta.Ogren@yopmail.com,1964-01-20,78644620798,Hong Kong
Rosene,Autrey,Rosene.Autrey@yopmail.com,1916-09-27,16158200593,Gdańsk
Anthia,Goddard,Anthia.Goddard@yopmail.com,1902-12-05,63678014053,Fort-de-France
Jennica,Chesna,Jennica.Chesna@yopmail.com,1924-09-16,38414460289,Ulan Bator
Viki,Chapland,Viki.Chapland@yopmail.com,1937-03-27,89700251851,Dar es Salaam
Binny,Dahlia,Binny.Dahlia@yopmail.com,2000-03-05,65461996439,Düsseldorf
Janeczka,Dorcy,Janeczka.Dorcy@yopmail.com,1921-05-21,28722946154,Gaziantep
Lisette,Elisha,Lisette.Elisha@yopmail.com,1923-11-26,65179894269,Xining
Hallie,Agle,Hallie.Agle@yopmail.com,2012-07-29,33621175823,San Carlos de Bariloche
Goldie,Bashemeth,Goldie.Bashemeth@yopmail.com,2004-12-24,67366378352,Peshawar
Gilda,Lumbard,Gilda.Lumbard@yopmail.com,2009-04-24,28354623366,Belém
Randa,Bashemeth,Randa.Bashemeth@yopmail.com,1970-09-14,67022993136,Canberra
Tomasina,Engdahl,Tomasina.Engdahl@yopmail.com,1992-01-19,98843543984,Wellington
Linet,Hillel,Linet.Hillel@yopmail.com,1940-09-20,62685461214,Papeete
Odessa,Toor,Odessa.Toor@yopmail.com,1999-12-31,63505644987,Strasbourg
Dorice,Drisko,Dorice.Drisko@yopmail.com,1938-06-24,68264803167,Belgrade
Orelia,Birdella,Orelia.Birdella@yopmail.com,1956-05-02,67843196497,Niamey
Kenna,Madelene,Kenna.Madelene@yopmail.com,1983-11-05,34467428800,Port Vila
Ofilia,Phaidra,Ofilia.Phaidra@yopmail.com,1915-10-23,26894377124,Francistown
Penelopa,Suzetta,Penelopa.Suzetta@yopmail.com,1961-11-22,63282236820,Assis
Albertina,Bach,Albertina.Bach@yopmail.com,1916-01-16,72290069303,Lhasa
Veda,Myrilla,Veda.Myrilla@yopmail.com,1900-06-26,56908169150,Amritsar
Gertrud,Chaing,Gertrud.Chaing@yopmail.com,1951-11-06,88909042951,Kobe
Collen,Schlosser,Collen.Schlosser@yopmail.com,1948-10-13,67918134820,Kharkiv
Brooks,Docilla,Brooks.Docilla@yopmail.com,1969-09-15,95183829664,Thiès
Ronna,Colp,Ronna.Colp@yopmail.com,2018-01-24,80636751901,Tel Aviv
Andree,Juliet,Andree.Juliet@yopmail.com,1955-06-19,60680396158,Baltimore
Ruthe,Merell,Ruthe.Merell@yopmail.com,1900-06-11,86312752924,Shigatse
Tobe,Dawkins,Tobe.Dawkins@yopmail.com,1986-07-26,50676798840,Monaco
Linet,Hieronymus,Linet.Hieronymus@yopmail.com,1983-08-22,93853189486,Barranquilla
Fawne,Brandice,Fawne.Brandice@yopmail.com,1971-10-15,50524103987,Kawasaki
Morganica,Ruvolo,Morganica.Ruvolo@yopmail.com,2003-08-22,10946238749,Tampa
Latisha,Lutero,Latisha.Lutero@yopmail.com,1925-03-11,55390181277,Tamale
Melodie,Eckblad,Melodie.Eckblad@yopmail.com,1998-09-11,85433284024,Kolkata
Justinn,Argus,Justinn.Argus@yopmail.com,2003-08-23,87148595569,Vienna
Teddie,Vorster,Teddie.Vorster@yopmail.com,1976-02-26,34480631676,Port Said
Daune,Byrne,Daune.Byrne@yopmail.com,1975-08-05,58852697346,Chuí
Gusty,Seessel,Gusty.Seessel@yopmail.com,1921-01-12,55979626985,Valencia
Trudie,Yusuk,Trudie.Yusuk@yopmail.com,1975-11-26,90456112995,Valdivia
Leona,Parsaye,Leona.Parsaye@yopmail.com,2001-04-25,82593807426,Handan
Catrina,Love,Catrina.Love@yopmail.com,2011-01-23,88707609286,Yamoussoukro
Ronna,Gamaliel,Ronna.Gamaliel@yopmail.com,1918-04-15,22216180367,Stuttgart
Oralee,Khorma,Oralee.Khorma@yopmail.com,2012-11-05,45061397625,Valencia
Hannis,Gino,Hannis.Gino@yopmail.com,1943-05-17,5333257352,Palma
Modestia,Jess,Modestia.Jess@yopmail.com,2007-01-12,92858486691,Seville
Sue,Harriman,Sue.Harriman@yopmail.com,1990-11-13,95149556744,Minneapolis
Yvonne,Zamora,Yvonne.Zamora@yopmail.com,1935-01-11,82640974454,Cardiff
Modestia,Lauraine,Modestia.Lauraine@yopmail.com,1998-10-15,17541867004,Portland
Tina,Geffner,Tina.Geffner@yopmail.com,1932-08-21,67685540833,Multan
Janenna,Whittaker,Janenna.Whittaker@yopmail.com,2014-08-22,72208651359,Guwahati
Tobe,Smitt,Tobe.Smitt@yopmail.com,1989-07-15,936763302,Phoenix
Dolli,Cloris,Dolli.Cloris@yopmail.com,1963-03-11,46656702401,Shenyang
Fanchon,Hull,Fanchon.Hull@yopmail.com,1938-08-22,72249537975,Ljubljana
Gianina,Euridice,Gianina.Euridice@yopmail.com,2019-02-13,39221868947,Kandy
Dorice,Nadia,Dorice.Nadia@yopmail.com,1982-06-06,28816810833,Bursa
Brana,Roarke,Brana.Roarke@yopmail.com,1985-03-26,1939958037,Mata-Utu
Thalia,Nicoline,Thalia.Nicoline@yopmail.com,1947-02-01,61158827988,Osaka
Carolina,Lareena,Carolina.Lareena@yopmail.com,1981-09-04,87764916038,Incheon
Stevana,Madelene,Stevana.Madelene@yopmail.com,1922-09-08,42671284586,Gdańsk
Carol-Jean,Couture,Carol-Jean.Couture@yopmail.com,1960-07-13,73073518734,Multan
Devina,Corabella,Devina.Corabella@yopmail.com,1953-01-18,90140970311,Koror
Nikki,Yorick,Nikki.Yorick@yopmail.com,1991-06-05,27706175720,Dibrugarh
Madeleine,Hanleigh,Madeleine.Hanleigh@yopmail.com,2007-12-22,36296854909,Memphis
Joane,Huggins,Joane.Huggins@yopmail.com,2001-03-21,80606621063,Hamburg
Cyb,Talia,Cyb.Talia@yopmail.com,1945-07-07,77002433283,Medellín
Elbertina,Jammal,Elbertina.Jammal@yopmail.com,1930-04-26,84791814384,Pyongyang
Abbie,Thad,Abbie.Thad@yopmail.com,1911-10-15,8837090890,Lubumbashi
Aimil,Malina,Aimil.Malina@yopmail.com,1985-07-16,18658721472,Medan
Raquela,Bendick,Raquela.Bendick@yopmail.com,1959-07-22,42440974925,Pekanbaru
Agathe,Lutero,Agathe.Lutero@yopmail.com,1951-05-05,36630828941,Kolkata
Justinn,Anton,Justinn.Anton@yopmail.com,1960-05-15,99485164249,Cannes
Betta,Strephon,Betta.Strephon@yopmail.com,2011-04-05,45306724224,Abu Dhabi
Alyda,Hedve,Alyda.Hedve@yopmail.com,1908-06-02,31846310580,Pekanbaru
Regina,Cutlerr,Regina.Cutlerr@yopmail.com,1920-05-06,98182617415,Chennai
Doro,Briney,Doro.Briney@yopmail.com,1958-07-04,64042937743,São Paulo
Hildegaard,Trace,Hildegaard.Trace@yopmail.com,2004-07-21,61189921605,Barcelona
Leona,Regan,Leona.Regan@yopmail.com,1957-05-19,9783037362,Sabha
Merle,Hanleigh,Merle.Hanleigh@yopmail.com,1990-05-07,3720398827,Shenzhen
Trixi,Nerita,Trixi.Nerita@yopmail.com,1986-12-03,5925704327,Guangzhou
Stacey,Stilwell,Stacey.Stilwell@yopmail.com,1909-05-25,21478640900,Panama City
Vanessa,Ader,Vanessa.Ader@yopmail.com,1956-04-21,21573320644,Jamestown
Ardeen,Yusuk,Ardeen.Yusuk@yopmail.com,1999-10-24,86262750134,Livingstone
Aili,Daegal,Aili.Daegal@yopmail.com,1975-04-30,95941142923,Amman
Codie,Ackerley,Codie.Ackerley@yopmail.com,1924-12-11,63050932685,Okinawa
Joy,Grimbly,Joy.Grimbly@yopmail.com,2011-06-05,17904134183,San Diego
Rosaline,Haerr,Rosaline.Haerr@yopmail.com,1917-11-08,77529651095,San Diego
Shannah,Sidonius,Shannah.Sidonius@yopmail.com,2008-03-14,29856319267,Gaziantep
Elise,Stacy,Elise.Stacy@yopmail.com,1975-02-03,28852667855,Xi'an
Zia,Kaja,Zia.Kaja@yopmail.com,1972-05-12,83601918133,Port Blair
Laurene,Buttaro,Laurene.Buttaro@yopmail.com,1988-07-12,31118533795,Tórshavn
Odessa,Zenas,Odessa.Zenas@yopmail.com,2019-09-22,193893984,Johor Bahru
Nanete,Muriel,Nanete.Muriel@yopmail.com,1935-11-19,28590007707,Calama
Glynnis,Myrilla,Glynnis.Myrilla@yopmail.com,1920-11-06,11533795,San Carlos de Bariloche
Adriana,Imelida,Adriana.Imelida@yopmail.com,1944-10-11,99226484460,Omsk
Dagmar,Dom,Dagmar.Dom@yopmail.com,1911-07-10,41059378506,Brazzaville
Kimmy,Vittoria,Kimmy.Vittoria@yopmail.com,1951-04-26,72538783026,Zagreb
Joleen,Lissi,Joleen.Lissi@yopmail.com,1956-10-03,79712070735,Strasbourg
Cam,Justinn,Cam.Justinn@yopmail.com,1944-10-02,14065516359,Fort-de-France
Desirae,Sperling,Desirae.Sperling@yopmail.com,2018-04-04,81563615101,Vilnius
Clary,Ilka,Clary.Ilka@yopmail.com,1990-02-10,74508751276,Antwerp
Caryl,Thunell,Caryl.Thunell@yopmail.com,1910-12-20,90879965935,Pittsburgh
Clarice,Travax,Clarice.Travax@yopmail.com,1956-12-29,69984783315,Porto-Novo
Amalie,Bates,Amalie.Bates@yopmail.com,1920-09-09,69953865282,Dededo
Wendi,Iphlgenia,Wendi.Iphlgenia@yopmail.com,1933-11-04,22171068305,Gothenburg
Jobi,Pattin,Jobi.Pattin@yopmail.com,1922-05-26,22999533169,Adak
Elyssa,Marlie,Elyssa.Marlie@yopmail.com,1907-05-28,3107375852,Libreville
Fawne,Luhe,Fawne.Luhe@yopmail.com,2014-09-26,33843794053,Alexandria
Neila,Morgun,Neila.Morgun@yopmail.com,1944-06-28,65346209034,Brikama
Tera,Andrel,Tera.Andrel@yopmail.com,2009-05-15,46158749850,Valdivia
Margette,Eben,Margette.Eben@yopmail.com,1963-09-29,59553949333,Manila
Cecile,Barrus,Cecile.Barrus@yopmail.com,1916-09-04,42630402510,Kaliningrad
Randa,Noman,Randa.Noman@yopmail.com,1942-02-03,63335076910,Kiev
Chandra,Haymes,Chandra.Haymes@yopmail.com,1956-10-11,52534849605,Podgorica
Glenda,Mandler,Glenda.Mandler@yopmail.com,2000-07-05,77080363465,La Serena
Frances,Sancho,Frances.Sancho@yopmail.com,1936-06-08,12388092385,Asmara
Priscilla,Ralfston,Priscilla.Ralfston@yopmail.com,1989-09-02,34585477645,Lilongwe
Vanessa,Tybald,Vanessa.Tybald@yopmail.com,1955-06-29,54745055324,Havana
Libbie,Jess,Libbie.Jess@yopmail.com,2010-05-14,74647357160,Porto Alegre
Gwenneth,Grobe,Gwenneth.Grobe@yopmail.com,1939-12-22,58248730087,Portland
Fanny,Bandeen,Fanny.Bandeen@yopmail.com,1935-09-28,8342031124,Santa Cruz de la Sierra
Marinna,Delacourt,Marinna.Delacourt@yopmail.com,1950-04-21,66687345295,Iquique
Ethel,Parette,Ethel.Parette@yopmail.com,2004-09-24,95871968460,Roseau
Elbertina,Maiah,Elbertina.Maiah@yopmail.com,1901-08-29,60242807919,Kota Bharu
Chrystel,Joseph,Chrystel.Joseph@yopmail.com,1940-08-27,2930881571,Rabat
Alleen,Loeb,Alleen.Loeb@yopmail.com,1917-10-05,59946408061,Linz
Blondelle,Libna,Blondelle.Libna@yopmail.com,1966-08-28,62498600703,Campo Grande
Cherilyn,Jalbert,Cherilyn.Jalbert@yopmail.com,1998-02-13,40393623854,Seoul
Renie,Lattie,Renie.Lattie@yopmail.com,1923-11-22,87644080524,Moroni
Valera,Nahum,Valera.Nahum@yopmail.com,1970-11-26,34972207438,Honolulu
Marnia,Means,Marnia.Means@yopmail.com,1902-06-12,98103348864,City of San Marino
Pamella,Wolfgram,Pamella.Wolfgram@yopmail.com,1986-01-15,60356507808,Zanzibar City
Lynnea,Hathaway,Lynnea.Hathaway@yopmail.com,1900-10-29,62338542635,Bishkek
Jordan,Briney,Jordan.Briney@yopmail.com,1981-01-15,93781512813,Düsseldorf
Florie,Rillings,Florie.Rillings@yopmail.com,1935-09-14,62958385562,Cartagena
Larine,Stevy,Larine.Stevy@yopmail.com,1950-07-18,47627565884,Valdivia
Alleen,Buffum,Alleen.Buffum@yopmail.com,1916-01-09,13169695515,Norilsk
Averyl,Ehrman,Averyl.Ehrman@yopmail.com,2001-09-30,81529501649,Concepción
Correy,Stilwell,Correy.Stilwell@yopmail.com,1950-12-11,68430007816,Louisville
Zia,Elisha,Zia.Elisha@yopmail.com,1910-04-09,99668129433,Frankfurt
Tobe,Sawtelle,Tobe.Sawtelle@yopmail.com,1970-02-21,34669495976,Santa Cruz de la Sierra
Cristine,Greenwald,Cristine.Greenwald@yopmail.com,1964-02-08,71168498614,Mérida
Cathyleen,Suzetta,Cathyleen.Suzetta@yopmail.com,1991-03-07,12799763848,La Serena
Zia,Smitt,Zia.Smitt@yopmail.com,1933-06-25,55167401654,Espoo
Merry,Brackely,Merry.Brackely@yopmail.com,1919-09-27,68678910811,Chicago
Desirae,Brandice,Desirae.Brandice@yopmail.com,1927-10-21,80319427414,Hangzhou
Joelly,Fennessy,Joelly.Fennessy@yopmail.com,1985-12-29,87793517479,Seville
Susette,O'Neill,Susette.O'Neill@yopmail.com,2014-05-31,93523188411,Kobe
Alexine,Moseley,Alexine.Moseley@yopmail.com,1999-09-02,97292298311,Zapopan
Jillayne,Poppy,Jillayne.Poppy@yopmail.com,1981-06-01,13557221821,Hilo
Ninnetta,Primalia,Ninnetta.Primalia@yopmail.com,1911-08-03,2502079369,Maseru
Keelia,Bronk,Keelia.Bronk@yopmail.com,1950-01-18,21577908633,Majuro
Anica,Elbertina,Anica.Elbertina@yopmail.com,2008-07-09,95505825701,Jersey City
Charmaine,Pelagias,Charmaine.Pelagias@yopmail.com,2019-04-09,46060755213,Miami
Blondelle,Clara,Blondelle.Clara@yopmail.com,1910-01-15,95366571073,Malmö
Deloria,Brittani,Deloria.Brittani@yopmail.com,1924-07-20,57243496464,São Tomé
Ronna,Sasnett,Ronna.Sasnett@yopmail.com,1970-01-30,55157980768,Hobart
Jasmina,Peti,Jasmina.Peti@yopmail.com,1997-11-03,83297583397,Maseru
Verla,Autrey,Verla.Autrey@yopmail.com,2001-04-10,77121353715,Pretoria
Joy,Abram,Joy.Abram@yopmail.com,1945-09-05,20825139644,Lyon
Corene,Tengdin,Corene.Tengdin@yopmail.com,1924-12-01,78261626926,Porto
Karlee,Odell,Karlee.Odell@yopmail.com,1932-06-17,43499882165,Accra
Barbi,Peti,Barbi.Peti@yopmail.com,1986-06-20,3504396031,Ljubljana
Roseline,Freddi,Roseline.Freddi@yopmail.com,1932-07-03,99673854494,Ciudad del Este
Joelly,Center,Joelly.Center@yopmail.com,1954-08-25,50374929998,Tucson
Justinn,Kylander,Justinn.Kylander@yopmail.com,1938-08-03,36658293363,Roseau
Aili,Tatianas,Aili.Tatianas@yopmail.com,1911-12-17,7418286052,Singapore
Carilyn,Adore,Carilyn.Adore@yopmail.com,1930-08-28,74581015014,Dalian
Jerry,Pillsbury,Jerry.Pillsbury@yopmail.com,1937-06-04,31145211929,Kansas City
Millie,Roarke,Millie.Roarke@yopmail.com,1957-09-01,48374519126,Kuala Lumpur
Yetty,Roumell,Yetty.Roumell@yopmail.com,2013-12-10,58106919190,Valparaíso
Kara-Lynn,Parsaye,Kara-Lynn.Parsaye@yopmail.com,1996-04-02,82706661945,Jaipur
Lily,Sherfield,Lily.Sherfield@yopmail.com,2000-09-01,90278218980,La Paz
Lonnie,Wandie,Lonnie.Wandie@yopmail.com,1929-08-07,27419692843,Lisbon
Vonny,Sinegold,Vonny.Sinegold@yopmail.com,1928-07-27,93398988681,Mecca
Agathe,Concha,Agathe.Concha@yopmail.com,1906-11-05,6889810353,Medina
Ermengarde,Ader,Ermengarde.Ader@yopmail.com,1994-05-22,38067527578,Tokyo
Sheelagh,Ardra,Sheelagh.Ardra@yopmail.com,1900-03-20,99245809922,Asmara
Lizzie,Tamar,Lizzie.Tamar@yopmail.com,1938-07-18,4191586156,Alofi
Christian,Linehan,Christian.Linehan@yopmail.com,1969-10-22,8573091861,Melekeok
Winny,Jorgan,Winny.Jorgan@yopmail.com,1944-05-24,75310372030,Auckland
Candy,Libna,Candy.Libna@yopmail.com,2003-01-15,15519600538,Qingdao
Sissy,Gladstone,Sissy.Gladstone@yopmail.com,2018-07-05,42736384868,Bratsk
Joy,Yorick,Joy.Yorick@yopmail.com,1964-08-08,3648727958,Peshawar
Iseabal,Ries,Iseabal.Ries@yopmail.com,1964-06-20,77755088048,Weno
Viviene,Vins,Viviene.Vins@yopmail.com,1925-02-16,15150939003,Kiev
Rayna,Wilona,Rayna.Wilona@yopmail.com,1908-05-07,8083200270,Seattle
Pearline,Salvidor,Pearline.Salvidor@yopmail.com,1968-07-03,33601356092,Andorra la Vella
Danika,Fennessy,Danika.Fennessy@yopmail.com,2006-01-27,51658680571,Maseru
Jennica,Madaih,Jennica.Madaih@yopmail.com,2014-12-24,74195860315,Tehran
Flo,Sammons,Flo.Sammons@yopmail.com,1952-12-26,73838473672,Panama City
Alie,Ietta,Alie.Ietta@yopmail.com,1977-08-30,6540319603,Paris
Bobbi,Dowski,Bobbi.Dowski@yopmail.com,1960-08-09,86341597017,Manchester
Genevra,Campball,Genevra.Campball@yopmail.com,1981-05-14,90133254885,Glasgow
Vita,Koehler,Vita.Koehler@yopmail.com,1926-11-04,31780337400,Zanzibar City
Cristine,Raseda,Cristine.Raseda@yopmail.com,1998-09-17,61544186470,Valletta
Ardenia,Wind,Ardenia.Wind@yopmail.com,1988-10-19,33750272664,Geelong
Anallese,Ietta,Anallese.Ietta@yopmail.com,1982-08-26,72121351587,Kanpur
Kerrin,Sheedy,Kerrin.Sheedy@yopmail.com,2014-02-19,43625894656,Dakar
Madalyn,Burch,Madalyn.Burch@yopmail.com,1913-02-10,4054787158,Ponta Delgada
Sabina,McLaughlin,Sabina.McLaughlin@yopmail.com,1924-06-04,43223035059,Bloemfontein
Rozele,Holbrook,Rozele.Holbrook@yopmail.com,1934-01-15,79955421817,Chengdu
Rubie,Sherfield,Rubie.Sherfield@yopmail.com,1983-09-11,94549257644,Manama
Courtnay,Weitman,Courtnay.Weitman@yopmail.com,1959-03-03,37025235141,Munich
Selma,Sallyann,Selma.Sallyann@yopmail.com,1984-01-28,31602682743,Xining
Kelly,Beebe,Kelly.Beebe@yopmail.com,1957-07-23,39745557744,Khartoum
Thalia,Desai,Thalia.Desai@yopmail.com,1934-07-06,28215959552,Rabat
Fanchon,Anyah,Fanchon.Anyah@yopmail.com,2005-04-23,77235641019,Maputo
Nikki,Francyne,Nikki.Francyne@yopmail.com,1955-08-05,60577460843,San Juan
Dawn,Glenden,Dawn.Glenden@yopmail.com,1956-06-25,16423667209,Graz
Emelina,Bibi,Emelina.Bibi@yopmail.com,1911-02-27,36888698658,Kobe
Allis,Nore,Allis.Nore@yopmail.com,1993-01-21,68538957,Apia
Antonietta,Ailyn,Antonietta.Ailyn@yopmail.com,2016-12-24,3010237121,El Paso
Zia,Ries,Zia.Ries@yopmail.com,1950-04-24,99070314367,Santa Cruz de Tenerife
Babita,Leffen,Babita.Leffen@yopmail.com,1945-05-31,75418140606,Makati City
Camile,Tound,Camile.Tound@yopmail.com,1926-09-22,58420315207,Lomé
Ruthe,My,Ruthe.My@yopmail.com,1913-03-03,95518174889,Tbilisi
Chickie,Leopold,Chickie.Leopold@yopmail.com,2007-01-04,79540582076,Podgorica
Georgetta,Garbe,Georgetta.Garbe@yopmail.com,1976-01-30,40968973797,Surabaya
Marleah,Means,Marleah.Means@yopmail.com,1967-08-22,97147784092,Quebec City
Carmencita,Virgin,Carmencita.Virgin@yopmail.com,1904-09-15,5877267855,St. John's
Allis,Cath,Allis.Cath@yopmail.com,2003-12-09,59012811016,Maseru
Lonnie,Amadas,Lonnie.Amadas@yopmail.com,1930-08-01,95467266305,Salt Lake City
Hermione,Roarke,Hermione.Roarke@yopmail.com,1939-08-01,70028068854,Denpasar
June,McCutcheon,June.McCutcheon@yopmail.com,1949-06-09,26544303197,Maputo
Elora,Vins,Elora.Vins@yopmail.com,2014-02-19,36361031077,Road Town
Nataline,Pierette,Nataline.Pierette@yopmail.com,1979-09-23,9826565524,Córdoba
Aaren,Eno,Aaren.Eno@yopmail.com,1966-11-13,93066765802,Strasbourg
Ulrike,Baylor,Ulrike.Baylor@yopmail.com,1937-12-31,99698436645,Hat Yai
Lanae,Colyer,Lanae.Colyer@yopmail.com,1905-04-13,28675418487,Nuuk
Sashenka,Raseda,Sashenka.Raseda@yopmail.com,1954-03-23,2525898363,Kandy
Coral,Dawkins,Coral.Dawkins@yopmail.com,1970-06-15,38674316378,Pekanbaru
Jaclyn,Mandler,Jaclyn.Mandler@yopmail.com,1924-11-28,67679190709,Toulouse
Ardeen,Sandye,Ardeen.Sandye@yopmail.com,1912-09-24,36180431763,Bishkek
Tonia,Allys,Tonia.Allys@yopmail.com,1930-01-24,95503469710,Fredericton
Cherrita,Gusella,Cherrita.Gusella@yopmail.com,1985-02-17,76531256203,Oslo
Amelia,Shirberg,Amelia.Shirberg@yopmail.com,2007-01-13,80291938109,Saint-Denis
Wynne,Leifeste,Wynne.Leifeste@yopmail.com,1954-10-25,58604352917,Padang
Etta,Sothena,Etta.Sothena@yopmail.com,2013-02-23,74949283263,Innsbruck
Ursulina,Lattie,Ursulina.Lattie@yopmail.com,1957-04-09,95200610281,Timbuktu
Fina,Salvidor,Fina.Salvidor@yopmail.com,2011-04-13,36369878043,Semarang
Gusty,Buckler,Gusty.Buckler@yopmail.com,1964-04-20,20970959900,Honolulu
Amelia,Clie,Amelia.Clie@yopmail.com,1904-08-21,36944383018,London
Gratia,Lareena,Gratia.Lareena@yopmail.com,1984-09-23,20846832341,Belize City
Libbie,Atcliffe,Libbie.Atcliffe@yopmail.com,1946-12-03,62297391359,Denver
Taffy,Jaylene,Taffy.Jaylene@yopmail.com,1940-06-16,67632610249,Kota Bharu
Gisela,Drisko,Gisela.Drisko@yopmail.com,1909-11-21,21755378090,Atlanta
Mara,Lemuela,Mara.Lemuela@yopmail.com,1966-11-15,25956502621,Port Moresby
Karly,Taam,Karly.Taam@yopmail.com,1980-07-09,78990286745,Mata-Utu
Codie,Thornburg,Codie.Thornburg@yopmail.com,1905-03-05,18931851699,Bilbao
Valera,Pauly,Valera.Pauly@yopmail.com,1927-05-13,96299319912,Nairobi
Lorne,Dreda,Lorne.Dreda@yopmail.com,1928-10-26,24620250021,Boa Vista
Heddie,Khorma,Heddie.Khorma@yopmail.com,1911-05-07,6983870805,Portland
Oralee,Rodmann,Oralee.Rodmann@yopmail.com,1945-01-11,18435460639,Islamabad
Ermengarde,Lia,Ermengarde.Lia@yopmail.com,1905-12-11,92490415976,Zhengzhou
Britni,Odell,Britni.Odell@yopmail.com,1934-02-06,95398998884,Ipoh
Orsola,Dulciana,Orsola.Dulciana@yopmail.com,1989-11-01,63712863556,Ho Chi Minh City
Elora,Rudolph,Elora.Rudolph@yopmail.com,2012-02-11,39250997006,Nice
Gretal,Isidore,Gretal.Isidore@yopmail.com,1941-01-01,36480182092,Gold Coast
Sissy,Olnee,Sissy.Olnee@yopmail.com,1937-07-11,40203720602,Kunming
Riannon,Albertine,Riannon.Albertine@yopmail.com,1957-02-04,98918026694,Barranquilla
Shel,Anyah,Shel.Anyah@yopmail.com,1985-10-14,26725494832,Fredericton
Liana,Chick,Liana.Chick@yopmail.com,1928-05-14,40006631190,Oslo
Kristan,Ashok,Kristan.Ashok@yopmail.com,1965-09-13,69037857088,Adamstown
Neila,Alcott,Neila.Alcott@yopmail.com,2008-06-07,13806328226,Yogyakarta (city)
Janey,Wilona,Janey.Wilona@yopmail.com,1901-07-11,23192843849,Recife
Carmela,LaRue,Carmela.LaRue@yopmail.com,1945-02-13,13544485469,Sacramento
Caryl,Zitvaa,Caryl.Zitvaa@yopmail.com,1983-12-12,28443324777,Campinas
Sidoney,Halsey,Sidoney.Halsey@yopmail.com,1985-03-12,19696484661,Bloemfontein
Barbi,Zina,Barbi.Zina@yopmail.com,1924-09-26,29726606888,Assis
Oralee,Zina,Oralee.Zina@yopmail.com,1919-09-09,16209125403,Ashgabat
Jere,Catie,Jere.Catie@yopmail.com,1992-05-01,23627827328,Ho Chi Minh City
Helena,Plato,Helena.Plato@yopmail.com,1936-04-08,32840652995,Lima
Philis,Aprile,Philis.Aprile@yopmail.com,1991-08-29,82546354677,Port Vila
Silvana,Klotz,Silvana.Klotz@yopmail.com,2019-01-08,34098603491,Bratsk
Britte,Vharat,Britte.Vharat@yopmail.com,1999-03-03,5273177321,Providence
Jillayne,Berriman,Jillayne.Berriman@yopmail.com,2002-10-15,28413755224,Edinburgh
Anica,Tannie,Anica.Tannie@yopmail.com,1924-05-29,86597216777,Lviv
Michaelina,Uird,Michaelina.Uird@yopmail.com,2016-12-31,67391511470,Hamburg
Ulrike,Bandeen,Ulrike.Bandeen@yopmail.com,1918-02-04,3302247866,Liverpool
Ardys,Rocray,Ardys.Rocray@yopmail.com,2000-12-09,86074718951,Samara
Gianina,Orlene,Gianina.Orlene@yopmail.com,1934-01-22,62671498799,Tabriz
Cordi,Phaidra,Cordi.Phaidra@yopmail.com,2015-04-17,16893057774,Townsville
Paola,Alice,Paola.Alice@yopmail.com,1937-04-20,57833026239,Adamstown
Krystle,Cottle,Krystle.Cottle@yopmail.com,1961-04-13,8105702968,Semarang
Kylynn,Lytton,Kylynn.Lytton@yopmail.com,1923-09-08,32958089572,Kandahar
Ebonee,Odysseus,Ebonee.Odysseus@yopmail.com,1964-08-29,57157917765,The Hague
Maye,Baptlsta,Maye.Baptlsta@yopmail.com,1961-03-12,31563755952,Harare
Yolane,Revkah,Yolane.Revkah@yopmail.com,1925-08-20,33161135241,City of Halifax
Katharina,Blake,Katharina.Blake@yopmail.com,1918-07-06,83927689985,Accra
Mady,Tremayne,Mady.Tremayne@yopmail.com,1908-06-20,84429039133,San Carlos de Bariloche
Juliane,Chandler,Juliane.Chandler@yopmail.com,2017-11-12,12352678872,Saskatoon
Gabriellia,Arathorn,Gabriellia.Arathorn@yopmail.com,1979-05-15,54392336130,Vientiane
Elbertina,Goldina,Elbertina.Goldina@yopmail.com,1977-08-03,66163376827,Moroni
Dianemarie,Granoff,Dianemarie.Granoff@yopmail.com,1930-07-01,57291253837,Bissau
Fanchon,Han,Fanchon.Han@yopmail.com,1948-04-05,9446359982,Luxembourg (city)
Nanete,Septima,Nanete.Septima@yopmail.com,1968-10-16,90125282177,Athens
Danika,Odysseus,Danika.Odysseus@yopmail.com,1921-05-05,83239856868,Kigali
Arabel,Tice,Arabel.Tice@yopmail.com,1987-06-07,43178525401,Yakutsk
Marleah,Waldron,Marleah.Waldron@yopmail.com,1978-12-18,44813778179,Phuket (city)
Almeta,Rhu,Almeta.Rhu@yopmail.com,1999-01-01,29438392750,Caracas
Veda,Vins,Veda.Vins@yopmail.com,1945-09-02,60954070822,Porto
Cristabel,Ciro,Cristabel.Ciro@yopmail.com,1929-12-17,46855919344,Serekunda
Sharlene,Sprage,Sharlene.Sprage@yopmail.com,1941-03-30,30096385225,Kaesong
Georgetta,Kirbee,Georgetta.Kirbee@yopmail.com,2011-10-10,92838364858,Dededo
Jacenta,Ramona,Jacenta.Ramona@yopmail.com,1926-05-12,50207620596,Amritsar
Concettina,Firmin,Concettina.Firmin@yopmail.com,1992-09-11,92803925010,São Tomé
Dyann,Grobe,Dyann.Grobe@yopmail.com,1958-06-05,82966766202,Portland
Rebeca,Seumas,Rebeca.Seumas@yopmail.com,1953-11-28,66313565493,Nukulaelae
Aurelie,Clie,Aurelie.Clie@yopmail.com,1909-07-02,9959985429,Munich
Gretal,Roscoe,Gretal.Roscoe@yopmail.com,1904-05-06,97527745171,Simferopol
Ana,Klotz,Ana.Klotz@yopmail.com,2006-09-10,14803615350,Curitiba
Sandie,Arvo,Sandie.Arvo@yopmail.com,1929-07-31,87048041022,Abuja
Karina,Trace,Karina.Trace@yopmail.com,1901-03-27,78816415390,Surat
Rayna,Dorcy,Rayna.Dorcy@yopmail.com,1927-08-31,76033696834,Huế
Carmela,Keelia,Carmela.Keelia@yopmail.com,1959-12-09,64819924262,Hagåtña
Janeczka,Himelman,Janeczka.Himelman@yopmail.com,1980-04-12,25026089300,Gdańsk
Dulce,Read,Dulce.Read@yopmail.com,1933-03-01,62097014301,Port Vila
Rebeca,Douglass,Rebeca.Douglass@yopmail.com,1970-11-18,41569742444,New York City
Jobi,Shama,Jobi.Shama@yopmail.com,1965-03-03,20287924209,Valdivia
Tonia,Friede,Tonia.Friede@yopmail.com,2010-09-02,89389018605,Beirut
Tonia,Romelda,Tonia.Romelda@yopmail.com,2010-06-25,10995057130,Maputo
Josephine,Martsen,Josephine.Martsen@yopmail.com,1933-11-12,3897856023,Santiago de Cuba
Millie,Norvol,Millie.Norvol@yopmail.com,1902-07-09,14142353165,Multan
Elena,Nerita,Elena.Nerita@yopmail.com,1930-07-23,51074152381,Pago Pago
Cecile,Bates,Cecile.Bates@yopmail.com,1960-03-26,83568182620,Guatemala City
Celene,Lumbard,Celene.Lumbard@yopmail.com,1917-07-21,71703005182,Pelotas
Viki,Rheingold,Viki.Rheingold@yopmail.com,1935-03-16,82796649558,Mexico City
Stacey,Johanna,Stacey.Johanna@yopmail.com,1938-06-08,35560863508,Okinawa
Rosene,Bertold,Rosene.Bertold@yopmail.com,1958-07-26,51558123812,Kaesong
Lizzie,Engdahl,Lizzie.Engdahl@yopmail.com,2006-01-11,21163625904,Tamale
Feliza,Sinegold,Feliza.Sinegold@yopmail.com,1998-09-29,42041687839,Yaoundé
Rori,Bakerman,Rori.Bakerman@yopmail.com,1936-12-21,35911631939,Tórshavn
Fayre,Sikorski,Fayre.Sikorski@yopmail.com,2015-09-17,87807927278,Rio de Janeiro
Karolina,Francyne,Karolina.Francyne@yopmail.com,1987-02-02,35960920970,Basse-Terre
Lucy,Goode,Lucy.Goode@yopmail.com,1929-06-28,42025709638,Bilbao
Flo,Richers,Flo.Richers@yopmail.com,1929-01-07,40863675724,Balikpapan
Charlena,Gino,Charlena.Gino@yopmail.com,1998-11-23,4962045072,Malacca Town
Elfreda,Rona,Elfreda.Rona@yopmail.com,2015-02-28,71155196855,Iqaluit
Susan,Cressida,Susan.Cressida@yopmail.com,1956-06-12,80670362811,Invercargill
Marguerite,Gualtiero,Marguerite.Gualtiero@yopmail.com,2014-11-07,99870102635,Curitiba
Annora,Franza,Annora.Franza@yopmail.com,1912-05-04,48785510018,St. John's
Kary,Orelee,Kary.Orelee@yopmail.com,1946-11-25,56104795622,Phnom Penh
Dominga,Ries,Dominga.Ries@yopmail.com,1990-04-11,97261137524,Kansas City
Annora,Sammons,Annora.Sammons@yopmail.com,1964-11-15,77593654538,Dalian
Elyssa,Harday,Elyssa.Harday@yopmail.com,1993-07-30,47166965653,Tampere
Theodora,Konyn,Theodora.Konyn@yopmail.com,1914-02-27,34535858214,Alofi
Louella,Gusella,Louella.Gusella@yopmail.com,1906-06-10,36614646895,Port Moresby
Ebonee,Matthew,Ebonee.Matthew@yopmail.com,1915-02-13,25607013676,Manchester
Goldie,Kermit,Goldie.Kermit@yopmail.com,1997-07-10,91871687517,Quebec City
Meriel,Haldas,Meriel.Haldas@yopmail.com,2014-10-15,14513155346,Cologne
Patricia,Arvo,Patricia.Arvo@yopmail.com,1928-08-31,44406250284,Warsaw
Daryl,Justinn,Daryl.Justinn@yopmail.com,1982-03-13,44965763433,Hobart
Heddie,Gilbertson,Heddie.Gilbertson@yopmail.com,1941-11-10,19894375667,Dalian
Brietta,Kenwood,Brietta.Kenwood@yopmail.com,2000-03-06,90804323398,Ahmedabad
Linet,Neva,Linet.Neva@yopmail.com,1914-05-08,42455624024,Wuhan
Hannis,Noam,Hannis.Noam@yopmail.com,1956-08-14,60800912242,Kobe
Maryellen,Freddi,Maryellen.Freddi@yopmail.com,1918-03-28,35947539566,Rio de Janeiro
Hollie,Gilmour,Hollie.Gilmour@yopmail.com,1919-06-25,36649348254,Iloilo City
Heddie,Burnside,Heddie.Burnside@yopmail.com,1955-09-29,61445412436,Valletta
Rayna,Swanhildas,Rayna.Swanhildas@yopmail.com,1927-01-21,49567218380,Edinburgh
Codie,Rudolph,Codie.Rudolph@yopmail.com,2016-09-29,69183427330,Montevideo
Andeee,Stoller,Andeee.Stoller@yopmail.com,2000-10-25,47285012067,Espoo
Gavrielle,Tyson,Gavrielle.Tyson@yopmail.com,2002-06-05,41393582464,Port Said
Emilia,Saunderson,Emilia.Saunderson@yopmail.com,2013-03-28,6505288947,El Paso
Renae,Ochs,Renae.Ochs@yopmail.com,1933-01-16,98047721988,Singapore
Micheline,Drus,Micheline.Drus@yopmail.com,2014-12-19,43609927372,Barcelona
Vinita,Marlie,Vinita.Marlie@yopmail.com,1980-02-15,18169416156,Las Vegas
Rochette,Agle,Rochette.Agle@yopmail.com,1909-12-11,71868236454,Taipei
Mallory,Voletta,Mallory.Voletta@yopmail.com,1948-06-12,77158061473,Zagreb
Genovera,Shaver,Genovera.Shaver@yopmail.com,1982-09-16,29121782461,Lhasa
Roberta,Amadas,Roberta.Amadas@yopmail.com,1992-09-19,59410480669,Abuja
Vita,Abbot,Vita.Abbot@yopmail.com,1975-06-07,7374616823,Surat Thani
Lonnie,Noelyn,Lonnie.Noelyn@yopmail.com,1971-07-02,33076636669,Luxembourg (city)
Emylee,Wildermuth,Emylee.Wildermuth@yopmail.com,2009-03-06,26765410084,Porto Alegre
Perry,Donell,Perry.Donell@yopmail.com,1901-02-06,63496704369,Kuwait City
Dulce,Anis,Dulce.Anis@yopmail.com,1990-05-26,38066299756,Bishkek
Celestyna,Sabella,Celestyna.Sabella@yopmail.com,1924-02-21,55658977630,Malabo
Etta,Olympium,Etta.Olympium@yopmail.com,1932-05-04,95612454571,Beijing
Kerrin,Cassius,Kerrin.Cassius@yopmail.com,1945-12-10,79746419475,Sucre
Kary,Erlandson,Kary.Erlandson@yopmail.com,1999-04-13,33333060710,Guangzhou
Suzette,Fax,Suzette.Fax@yopmail.com,1929-08-16,39403880602,Pyongyang
Marcelline,Cath,Marcelline.Cath@yopmail.com,1907-09-03,5963471130,Hiroshima
Lesly,Clywd,Lesly.Clywd@yopmail.com,1938-11-21,94933278026,Bahía Blanca
Marjie,Stuart,Marjie.Stuart@yopmail.com,1950-01-27,14437826657,Weno
Shannah,Lattie,Shannah.Lattie@yopmail.com,1956-06-27,31323047148,Moscow
Selma,Si,Selma.Si@yopmail.com,1956-09-27,27531312707,Geelong
Robbi,Valerio,Robbi.Valerio@yopmail.com,1967-09-18,19327322441,Antananarivo
Ida,Buckler,Ida.Buckler@yopmail.com,2010-02-23,21844637348,Chişinău
Jasmina,Vivle,Jasmina.Vivle@yopmail.com,1944-12-28,48169610984,Kaesong
Nelle,Niccolo,Nelle.Niccolo@yopmail.com,1958-07-23,94785024240,Bangkok
Gabriellia,Sheedy,Gabriellia.Sheedy@yopmail.com,1939-04-16,94719677729,Tartu
Karena,Carmena,Karena.Carmena@yopmail.com,1992-09-10,65435174332,Cannes
Philis,Othilia,Philis.Othilia@yopmail.com,1919-06-12,69973757115,Quezon City
Aili,Justinn,Aili.Justinn@yopmail.com,1900-02-17,55529414995,Jeddah
Eadie,Dielu,Eadie.Dielu@yopmail.com,1945-03-23,32278812653,Stanley
Althea,Donoghue,Althea.Donoghue@yopmail.com,1918-08-16,44041733849,Kiev
Dorene,Olin,Dorene.Olin@yopmail.com,1913-10-07,66722858208,Guatemala City
Debee,Secrest,Debee.Secrest@yopmail.com,1975-04-15,45503807398,Dushanbe
Ketti,Rogerio,Ketti.Rogerio@yopmail.com,1994-04-25,43849795343,Astana
Ethel,Magnolia,Ethel.Magnolia@yopmail.com,1906-06-02,72250117987,Vancouver
Alex,Uird,Alex.Uird@yopmail.com,1917-03-14,87878455668,Tamale
Rosanne,Rebecka,Rosanne.Rebecka@yopmail.com,1996-05-06,99264311374,Tel Aviv
Carmela,Irmine,Carmela.Irmine@yopmail.com,1980-04-25,57752016665,Guayaquil
Keelia,Roche,Keelia.Roche@yopmail.com,1916-01-01,41096073485,Khartoum
Edyth,Esmaria,Edyth.Esmaria@yopmail.com,1976-04-12,67566421883,Houston
Lonnie,Vastah,Lonnie.Vastah@yopmail.com,2006-09-13,42052822974,Qingdao
Allis,Jorgan,Allis.Jorgan@yopmail.com,2009-04-27,20356932389,Salt Lake City
Stephanie,Pip,Stephanie.Pip@yopmail.com,1942-07-21,42611283559,Cleveland
Helsa,Lory,Helsa.Lory@yopmail.com,1990-02-23,59104284857,Tabriz
Stephanie,Raffo,Stephanie.Raffo@yopmail.com,2019-09-14,62185855317,Gangtok
Kaia,Stacy,Kaia.Stacy@yopmail.com,1952-06-16,92127875714,Bujumbura
Shandie,Delacourt,Shandie.Delacourt@yopmail.com,1968-11-11,69951738211,Christchurch
Aurore,Junie,Aurore.Junie@yopmail.com,1984-03-23,51542214120,Porto Velho
Karina,Hepsibah,Karina.Hepsibah@yopmail.com,1966-05-22,18443999223,Brasília
Natka,Esmaria,Natka.Esmaria@yopmail.com,1942-05-31,71412773798,Phnom Penh
Valeda,Korey,Valeda.Korey@yopmail.com,1920-05-04,47120509599,Koulikoro
Viviene,Adalbert,Viviene.Adalbert@yopmail.com,1987-12-12,33007525590,Saint John
Oona,Riordan,Oona.Riordan@yopmail.com,1945-02-24,34664534808,Veracruz
Jolyn,Federica,Jolyn.Federica@yopmail.com,1952-12-14,68558830808,Marrakech
Kara-Lynn,Devlen,Kara-Lynn.Devlen@yopmail.com,1975-01-25,66201983476,Istanbul
Nananne,Abram,Nananne.Abram@yopmail.com,1930-05-21,67621087151,Brussels
Vonny,Goerke,Vonny.Goerke@yopmail.com,1974-04-04,22225880291,Murmansk
Beverley,Karna,Beverley.Karna@yopmail.com,1963-11-22,45002717013,Belize City
Susette,Bearnard,Susette.Bearnard@yopmail.com,1954-02-01,10153120718,Valletta
Clarice,Leary,Clarice.Leary@yopmail.com,1989-06-22,91692624658,Hagåtña
Vanessa,My,Vanessa.My@yopmail.com,1974-11-22,74188965943,Palikir
Ashlee,Clie,Ashlee.Clie@yopmail.com,2010-12-21,876924483,Turin
Josephine,Felizio,Josephine.Felizio@yopmail.com,2012-03-23,5437000969,Serekunda
Linzy,Liva,Linzy.Liva@yopmail.com,1901-10-11,21673150613,Mérida
Tiffie,Winnick,Tiffie.Winnick@yopmail.com,1964-02-28,29475310179,Tallinn
Catrina,Tillford,Catrina.Tillford@yopmail.com,1911-04-03,26674565139,San Fernando
Hettie,Faria,Hettie.Faria@yopmail.com,1990-10-10,23035630109,Fredericton
Deloria,Seessel,Deloria.Seessel@yopmail.com,1978-12-13,63496397378,Managua
Hannis,Angelis,Hannis.Angelis@yopmail.com,1984-07-19,45170400165,Malabo
Caryl,Lea,Caryl.Lea@yopmail.com,1988-08-29,50959428540,Conakry
Rosene,Chrystel,Rosene.Chrystel@yopmail.com,2016-01-25,45697053437,Prague
Atlanta,Hubert,Atlanta.Hubert@yopmail.com,1947-09-09,47445517133,Anchorage
Lita,Bethany,Lita.Bethany@yopmail.com,1972-03-17,36799965680,Dhaka
Imojean,Markman,Imojean.Markman@yopmail.com,1918-06-30,27661752588,Greenwich
Alisha,Jagir,Alisha.Jagir@yopmail.com,1905-12-03,4577570594,Dallas
Darci,Wandie,Darci.Wandie@yopmail.com,1978-02-14,59981295936,Beirut
Romona,Ader,Romona.Ader@yopmail.com,2001-05-10,88811197571,Guadalajara
Ericka,Roarke,Ericka.Roarke@yopmail.com,1908-09-01,63543599492,Detroit
Dorene,Cleo,Dorene.Cleo@yopmail.com,1913-09-27,30637484604,Gold Coast
Tonia,Demitria,Tonia.Demitria@yopmail.com,1937-11-08,5499296170,Funafuti
Clarice,Bigner,Clarice.Bigner@yopmail.com,1900-09-08,5463315108,Banda Aceh
Shandie,Leifeste,Shandie.Leifeste@yopmail.com,1970-08-08,44737761145,Wichita
Lusa,Kunin,Lusa.Kunin@yopmail.com,1938-03-21,24496744973,Incheon
Ardeen,Behre,Ardeen.Behre@yopmail.com,1956-03-25,75668223237,Auckland
Eve,Schroth,Eve.Schroth@yopmail.com,1992-09-28,34162142886,Qingdao
Damaris,Wandie,Damaris.Wandie@yopmail.com,1917-03-29,16838645701,Kingston
Blinni,Halsey,Blinni.Halsey@yopmail.com,1954-12-06,35021523020,La Serena
Chandra,Kathie,Chandra.Kathie@yopmail.com,1971-07-13,53319054094,Port Elizabeth
Helsa,Wiener,Helsa.Wiener@yopmail.com,2018-10-20,92011844302,Yaoundé
Myrtice,Creamer,Myrtice.Creamer@yopmail.com,1973-11-08,40881249386,Magadan
Lynea,Peonir,Lynea.Peonir@yopmail.com,1944-06-11,42116314884,Enugu
Maisey,Thomasina,Maisey.Thomasina@yopmail.com,1912-06-11,61833708146,Brisbane
Jorry,An,Jorry.An@yopmail.com,1972-03-05,85702077078,South Tarawa
Jobi,Heisel,Jobi.Heisel@yopmail.com,1940-09-13,20881534150,Pontianak
Lulita,Iiette,Lulita.Iiette@yopmail.com,1917-03-19,22217552983,Fort-de-France
Nariko,Cornelia,Nariko.Cornelia@yopmail.com,1979-03-12,2143640747,Siem Reap
Glynnis,Jefferey,Glynnis.Jefferey@yopmail.com,1986-06-21,32619638593,Fredericton
Katuscha,Velick,Katuscha.Velick@yopmail.com,1987-07-18,79667764904,Memphis
Carilyn,Greyson,Carilyn.Greyson@yopmail.com,1970-08-25,8620403786,Anchorage
Caritta,Roche,Caritta.Roche@yopmail.com,1921-01-26,52804260093,Tamale
Elena,Burkle,Elena.Burkle@yopmail.com,1973-03-04,96464518178,Bandung
Gilda,Haerr,Gilda.Haerr@yopmail.com,1901-10-15,84672352328,Kigali
Quintina,Wallis,Quintina.Wallis@yopmail.com,1901-12-05,47346896397,Patna
Judy,Jaylene,Judy.Jaylene@yopmail.com,1918-08-26,60607573857,Podgorica
Rosabelle,Douglass,Rosabelle.Douglass@yopmail.com,1993-03-06,40947186145,Murmansk
Myrtice,Daegal,Myrtice.Daegal@yopmail.com,1942-07-10,57316928582,Geneva
Stephanie,Macey,Stephanie.Macey@yopmail.com,1908-06-23,83853546695,Wuhan
Tatiania,Belldas,Tatiania.Belldas@yopmail.com,1993-02-28,47379704247,Port Moresby
Stephanie,Armanda,Stephanie.Armanda@yopmail.com,1957-10-08,64309797509,Labasa
Oralee,Ursulette,Oralee.Ursulette@yopmail.com,1969-11-02,62130902939,Ilhéus
Shirlee,Gale,Shirlee.Gale@yopmail.com,1996-01-19,14916869884,Chongqing
Shaylyn,Edee,Shaylyn.Edee@yopmail.com,2013-11-02,74920249428,Praia
Maye,Ephrem,Maye.Ephrem@yopmail.com,1939-09-09,59378201018,Magadan
Micheline,Stav,Micheline.Stav@yopmail.com,1957-07-03,30460738072,Fairbanks
Lesly,Erb,Lesly.Erb@yopmail.com,1945-09-26,82606112622,Tampa
Ebonee,Dorine,Ebonee.Dorine@yopmail.com,1956-02-08,91646526614,Francistown
Layla,Vins,Layla.Vins@yopmail.com,1949-02-20,32618269778,Kingston
Karena,Greyson,Karena.Greyson@yopmail.com,1945-01-25,89566837446,Vilnius
Gisela,Iaverne,Gisela.Iaverne@yopmail.com,1962-06-30,7964418512,Split (city)
Annaliese,Modie,Annaliese.Modie@yopmail.com,1934-03-09,65588859174,Moroni
Anthia,Kunin,Anthia.Kunin@yopmail.com,1956-03-23,27206345921,Hat Yai
Nanete,Rubie,Nanete.Rubie@yopmail.com,1965-03-13,89707644391,Cayenne
Nananne,Oneida,Nananne.Oneida@yopmail.com,2007-09-27,1425890158,Port Vila
Tybie,Junie,Tybie.Junie@yopmail.com,1975-02-28,91122737027,Regina
Ivett,Brittani,Ivett.Brittani@yopmail.com,1986-03-21,52847636511,Mamoudzou
Robinia,Alwin,Robinia.Alwin@yopmail.com,2018-05-18,70524254448,Prague
Britte,Stilwell,Britte.Stilwell@yopmail.com,1992-04-07,28530804165,Andorra la Vella
Ricky,Lilybelle,Ricky.Lilybelle@yopmail.com,1915-01-11,14445323708,Douglas
Nannie,Sallyann,Nannie.Sallyann@yopmail.com,2019-12-04,89354071954,Multan
Kittie,Lasley,Kittie.Lasley@yopmail.com,1904-07-23,86878065647,Budapest
Bettine,Merat,Bettine.Merat@yopmail.com,1942-07-26,96935284228,Gaza
Gwenneth,Chabot,Gwenneth.Chabot@yopmail.com,1913-04-15,52095814834,Rabi Island
Dorothy,Warthman,Dorothy.Warthman@yopmail.com,1934-06-12,53844180196,Siem Reap
Myriam,Lissi,Myriam.Lissi@yopmail.com,1950-01-29,59901039396,Cebu City
Ginnie,Vastah,Ginnie.Vastah@yopmail.com,2018-04-30,21004298020,Muscat
Carolina,Nickola,Carolina.Nickola@yopmail.com,1932-10-15,87705541213,Port of Spain
Florie,Couture,Florie.Couture@yopmail.com,2010-09-04,21001552519,Edmonton
Meghann,Felizio,Meghann.Felizio@yopmail.com,1943-04-24,84528706414,Manila
Madelle,Janith,Madelle.Janith@yopmail.com,1956-11-01,10801244868,Stockholm
Kirbee,Jaylene,Kirbee.Jaylene@yopmail.com,2006-03-01,4093356378,Yekaterinburg
Ashlee,Ambrosia,Ashlee.Ambrosia@yopmail.com,1950-03-09,50948606505,Jayapura
Alyssa,Kaja,Alyssa.Kaja@yopmail.com,1907-11-01,38945151033,Srinagar
Lanna,Peg,Lanna.Peg@yopmail.com,1971-07-11,33402972883,Malmö
Alexine,Candy,Alexine.Candy@yopmail.com,2012-05-25,37492735205,Brikama
Mahalia,Weaks,Mahalia.Weaks@yopmail.com,2018-07-19,2041030669,Majuro
Edee,Vivle,Edee.Vivle@yopmail.com,1966-07-11,70675156012,Bandung
Xylina,Cookie,Xylina.Cookie@yopmail.com,1926-08-28,59736330159,Daegu
Joelly,Juan,Joelly.Juan@yopmail.com,1904-08-03,2460532834,Vladivostok
Netty,Sisile,Netty.Sisile@yopmail.com,1916-07-12,23647257929,Albuquerque
Dari,Ruvolo,Dari.Ruvolo@yopmail.com,1947-10-18,98652855650,Birkirkara
Antonietta,Hedve,Antonietta.Hedve@yopmail.com,1952-07-13,91206776408,Geelong
Lisette,Maiah,Lisette.Maiah@yopmail.com,1986-03-21,9906401768,Gaborone
Beth,Tamsky,Beth.Tamsky@yopmail.com,2002-02-19,89703880232,Bratislava
Annabela,Darian,Annabela.Darian@yopmail.com,1965-03-10,97955480650,Tirana
Delilah,Poll,Delilah.Poll@yopmail.com,1966-12-21,63113219343,Libreville
Farrah,Alrich,Farrah.Alrich@yopmail.com,1979-03-25,25523423363,Iloilo City
Evita,Fairweather,Evita.Fairweather@yopmail.com,1976-02-16,41248435052,Pago Pago
Rori,Suzetta,Rori.Suzetta@yopmail.com,1994-11-26,13828659472,Port Blair
Jinny,Hollingsworth,Jinny.Hollingsworth@yopmail.com,1909-12-29,59648285840,Cleveland
Ashlee,Masao,Ashlee.Masao@yopmail.com,1992-06-26,90148147866,Ipoh
Di,Yuille,Di.Yuille@yopmail.com,1985-05-06,36856699985,Papeete
Britni,Colleen,Britni.Colleen@yopmail.com,1978-09-28,43850051212,Bahía Blanca
Kenna,Ariella,Kenna.Ariella@yopmail.com,2002-04-15,94503607149,Namangan
Darlleen,Kiyoshi,Darlleen.Kiyoshi@yopmail.com,1956-04-07,87045540154,Ludhiana
Vonny,Imelida,Vonny.Imelida@yopmail.com,1985-03-13,5064163012,Kharkiv
Marylou,Laurianne,Marylou.Laurianne@yopmail.com,1907-08-05,38135540252,Malabo
Roberta,Koehler,Roberta.Koehler@yopmail.com,1946-01-25,75488926839,Kaesong
Kate,Dawkins,Kate.Dawkins@yopmail.com,1915-04-12,2548147717,Naples
Di,Belldas,Di.Belldas@yopmail.com,1947-10-18,65797994815,Puerto Williams
Averyl,Rooney,Averyl.Rooney@yopmail.com,2015-08-31,83182409993,San Antonio
Dorothy,Frodi,Dorothy.Frodi@yopmail.com,1921-03-03,43773818416,Manila
Chloris,Israeli,Chloris.Israeli@yopmail.com,1931-06-05,75313352826,São José dos Campos
Lynde,Rubie,Lynde.Rubie@yopmail.com,1954-09-01,77204996246,Bangalore
Almeta,Parsaye,Almeta.Parsaye@yopmail.com,1990-12-16,96653014543,Dammam
Di,Kannry,Di.Kannry@yopmail.com,1941-11-08,97705493805,Weno
Sherrie,Rodmann,Sherrie.Rodmann@yopmail.com,2018-11-28,21971703137,Düsseldorf
Frances,Allina,Frances.Allina@yopmail.com,1938-06-19,8033934252,Kuching
Ileana,Afton,Ileana.Afton@yopmail.com,1946-05-01,76525743488,Rawalpindi
Stacey,Leonard,Stacey.Leonard@yopmail.com,1967-12-26,27324859475,Jersey City
Desirae,Trey,Desirae.Trey@yopmail.com,1950-08-16,6173271683,Yangon
Ardys,Wareing,Ardys.Wareing@yopmail.com,1985-07-29,81390542691,Saint Petersburg
Elise,Fredi,Elise.Fredi@yopmail.com,2006-03-07,13000721804,Saint Petersburg
Norine,Garrison,Norine.Garrison@yopmail.com,1945-09-16,74457389095,Rotterdam
Fawne,Lucienne,Fawne.Lucienne@yopmail.com,1922-04-01,94389251344,São Paulo
Aimil,Yuille,Aimil.Yuille@yopmail.com,1959-07-11,10862524441,Bern
Annecorinne,Knowling,Annecorinne.Knowling@yopmail.com,1915-10-18,96160975999,Yerevan
Emelina,Rosalba,Emelina.Rosalba@yopmail.com,2008-01-16,81657779046,London
Alie,Winnick,Alie.Winnick@yopmail.com,2013-10-14,70510408281,Chengdu
Jacenta,Si,Jacenta.Si@yopmail.com,1967-04-25,30264891410,Asmara
Dede,Willie,Dede.Willie@yopmail.com,1976-06-01,31414449696,Longyearbyen
Bobinette,Rona,Bobinette.Rona@yopmail.com,1932-03-12,91995387043,Tampa
Heida,Helve,Heida.Helve@yopmail.com,1906-03-26,2335397988,Chongjin
Katuscha,Sacken,Katuscha.Sacken@yopmail.com,1975-10-12,46997822420,Dalian
Lily,Billye,Lily.Billye@yopmail.com,1918-02-02,9747936030,Bandung
Kamilah,Lymann,Kamilah.Lymann@yopmail.com,1997-01-11,47074867798,Magadan
Jean,Lissi,Jean.Lissi@yopmail.com,1954-03-02,73549096207,Luanda
Amelia,Winnick,Amelia.Winnick@yopmail.com,1925-04-14,73557775484,Kuala Lumpur
Marsiella,Imelida,Marsiella.Imelida@yopmail.com,1955-09-16,73243424155,Moscow
Frank,Lalitta,Frank.Lalitta@yopmail.com,1989-05-01,76837348342,Hangzhou
Vevay,Gusella,Vevay.Gusella@yopmail.com,1964-05-18,78097154778,Montevideo
Ira,Maurine,Ira.Maurine@yopmail.com,1994-10-05,31735313130,Nanning
Kittie,Payson,Kittie.Payson@yopmail.com,1938-07-06,3442000038,Sacramento
Elie,Hepsibah,Elie.Hepsibah@yopmail.com,1961-06-18,13900015248,Taichung
Elsie,Freddi,Elsie.Freddi@yopmail.com,1911-09-16,40082230170,Papeete
Lilith,Mathilde,Lilith.Mathilde@yopmail.com,2006-04-25,66713879552,Kawasaki
Katleen,Germann,Katleen.Germann@yopmail.com,2019-12-29,50127353022,Cayenne
Orsola,Whiffen,Orsola.Whiffen@yopmail.com,1934-02-09,14457232982,Porto Alegre
Patricia,Fiann,Patricia.Fiann@yopmail.com,1957-05-09,36074751199,Yekaterinburg
Merrie,Shama,Merrie.Shama@yopmail.com,1940-01-07,17782481704,Toronto
Zaria,Amasa,Zaria.Amasa@yopmail.com,1932-03-21,13103621338,Porto
Letizia,Breed,Letizia.Breed@yopmail.com,2002-10-21,80403995937,Hargeisa
Kirbee,Anastatius,Kirbee.Anastatius@yopmail.com,2009-12-19,91044569499,Guayaquil
Kimmy,Maiah,Kimmy.Maiah@yopmail.com,1965-12-13,44781773096,Adamstown
Ricky,Odysseus,Ricky.Odysseus@yopmail.com,1975-12-04,47078495256,Abuja
Aaren,Aldric,Aaren.Aldric@yopmail.com,1949-12-07,73049090275,Punta Arenas
Elise,Roche,Elise.Roche@yopmail.com,1933-01-20,17778821392,Bloemfontein
Adelle,Erskine,Adelle.Erskine@yopmail.com,2006-06-26,51968183230,Luanda
Paola,Selway,Paola.Selway@yopmail.com,1956-01-01,50651396909,Avarua
Ivett,Felecia,Ivett.Felecia@yopmail.com,1930-09-06,88741933439,Geneva
Dulcinea,Boehike,Dulcinea.Boehike@yopmail.com,2011-11-19,89360881891,São Tomé
Gabi,MacIntosh,Gabi.MacIntosh@yopmail.com,1945-07-30,49114043009,Yaren District
Dianemarie,Curren,Dianemarie.Curren@yopmail.com,1937-04-24,75639423530,Singapore
Brena,Dosia,Brena.Dosia@yopmail.com,1996-01-09,79596117483,Shigatse
Emilia,Hedve,Emilia.Hedve@yopmail.com,1959-04-27,77159700701,Chaguanas
Lusa,O'Neill,Lusa.O'Neill@yopmail.com,1995-06-30,22467389866,Ambon
Jinny,Rad,Jinny.Rad@yopmail.com,1993-05-16,17166441,Durban
Rosabelle,Voletta,Rosabelle.Voletta@yopmail.com,1948-03-01,74273123368,Buffalo
Ginnie,Lory,Ginnie.Lory@yopmail.com,1936-03-04,61433711823,Astana
Ayn,Kristi,Ayn.Kristi@yopmail.com,1928-12-24,69609260980,Doha
Kathi,Odysseus,Kathi.Odysseus@yopmail.com,2002-05-02,17954471972,Las Vegas
Alia,Peg,Alia.Peg@yopmail.com,1987-05-17,81668350980,Nashville
Moyna,Chrystel,Moyna.Chrystel@yopmail.com,1912-05-05,59262056678,Juneau
Lilith,Oster,Lilith.Oster@yopmail.com,1960-12-25,37890068796,Mexico City
Mallory,Flyn,Mallory.Flyn@yopmail.com,1973-09-09,80188216899,Anchorage
Dacia,Auberbach,Dacia.Auberbach@yopmail.com,1955-03-25,15871504555,Porto
Joelly,Keily,Joelly.Keily@yopmail.com,1923-03-19,27966856507,Pretoria
Silvana,Croix,Silvana.Croix@yopmail.com,1996-10-01,86727239440,Chişinău
Arabel,Haymes,Arabel.Haymes@yopmail.com,1985-08-23,64979964082,Bamako
Brana,Stacy,Brana.Stacy@yopmail.com,1908-06-10,90355648501,Astana
Selia,Granoff,Selia.Granoff@yopmail.com,1976-03-04,68578272185,Nouakchott
Iseabal,Clarissa,Iseabal.Clarissa@yopmail.com,2013-11-06,52346579478,Kota Kinabalu
Katharina,Jerald,Katharina.Jerald@yopmail.com,1902-02-19,77711507414,Cali
Bernardine,Vastah,Bernardine.Vastah@yopmail.com,1951-05-02,52211953381,Adamstown
Dagmar,Johanna,Dagmar.Johanna@yopmail.com,1999-01-05,21272452146,Bucharest
Shauna,McNully,Shauna.McNully@yopmail.com,1949-11-25,61319534036,Ciudad del Este
Mary,Bebe,Mary.Bebe@yopmail.com,1904-08-24,56063658907,Ibadan
Florencia,Saint,Florencia.Saint@yopmail.com,1904-04-14,18056673903,Hiroshima
Clarice,Wallis,Clarice.Wallis@yopmail.com,1995-07-06,25246220754,Saint Petersburg
Patricia,Sheedy,Patricia.Sheedy@yopmail.com,1939-07-24,98372000145,Durango
Ronna,Ludewig,Ronna.Ludewig@yopmail.com,1972-08-24,55418318690,Dunedin
Mallory,Lenny,Mallory.Lenny@yopmail.com,1947-10-30,57621878032,Pretoria
Berta,Juan,Berta.Juan@yopmail.com,1909-03-02,85299011435,Kigali
Elvira,Yerkovich,Elvira.Yerkovich@yopmail.com,2014-12-06,20074405998,Omsk
Clementine,Madaih,Clementine.Madaih@yopmail.com,1905-02-04,39888119492,Kaliningrad
Elvira,Hanshaw,Elvira.Hanshaw@yopmail.com,1917-07-24,4256311530,Omdurman
Susan,Zachary,Susan.Zachary@yopmail.com,2013-01-21,88410233617,Bangalore
Albertina,McAdams,Albertina.McAdams@yopmail.com,1921-02-19,94330814650,Casablanca
Joleen,Weaks,Joleen.Weaks@yopmail.com,1945-03-24,89066284261,Udon Thani
Millie,Edison,Millie.Edison@yopmail.com,1935-10-10,34705726074,Santa Cruz de la Sierra
Ana,Amethist,Ana.Amethist@yopmail.com,2013-07-07,93505800713,Seville
Deloria,Blisse,Deloria.Blisse@yopmail.com,2016-05-04,27176185272,Louisville
Lily,Lilybelle,Lily.Lilybelle@yopmail.com,1930-03-13,80255617081,Ahmedabad
Georgetta,Leopold,Georgetta.Leopold@yopmail.com,1930-10-26,84272576511,Kathmandu
June,Braun,June.Braun@yopmail.com,2010-02-22,17848156029,Shenyang
Ethel,Sheedy,Ethel.Sheedy@yopmail.com,1947-12-05,42382024069,Addis Ababa
Catrina,Codding,Catrina.Codding@yopmail.com,1973-03-20,72002423755,Gaza
Sam,Edvard,Sam.Edvard@yopmail.com,2018-06-23,72588431844,Santo Domingo
Romona,Dyche,Romona.Dyche@yopmail.com,1911-01-09,90193041513,Sydney
Danny,Chesna,Danny.Chesna@yopmail.com,2016-03-11,93249764410,Dammam
Yetty,Jess,Yetty.Jess@yopmail.com,1968-08-06,10166513219,Niamey
Audrie,Urias,Audrie.Urias@yopmail.com,2003-10-30,7615305485,Murmansk
Liana,Eckblad,Liana.Eckblad@yopmail.com,1915-10-15,6221871548,Shigatse
Lusa,Orelee,Lusa.Orelee@yopmail.com,1908-09-13,83952038754,El Paso
Fanchon,Faro,Fanchon.Faro@yopmail.com,1941-03-16,20537819603,City of Halifax
Jenilee,Hartnett,Jenilee.Hartnett@yopmail.com,1999-04-30,57984162922,Palikir
Alejandra,Gibbeon,Alejandra.Gibbeon@yopmail.com,1914-09-30,48639526609,Dalian
Charmaine,Reneta,Charmaine.Reneta@yopmail.com,1918-10-31,85494520843,Pago Pago
Abbie,Maiah,Abbie.Maiah@yopmail.com,1958-04-23,47769315463,Yaren District
Merrie,Milson,Merrie.Milson@yopmail.com,1948-08-31,9837268075,Pittsburgh
June,Brodench,June.Brodench@yopmail.com,1931-12-02,26245738928,Moroni
Amelia,Pillsbury,Amelia.Pillsbury@yopmail.com,1970-11-03,8513894675,Kaohsiung
Cecile,Noam,Cecile.Noam@yopmail.com,1922-06-10,91590063746,Kiev
Tarra,McNully,Tarra.McNully@yopmail.com,1975-08-07,37537734226,Nairobi
Clary,Bach,Clary.Bach@yopmail.com,2005-02-10,8070396198,Calama
Grier,Iiette,Grier.Iiette@yopmail.com,1965-11-07,14755306809,Santiago
Ana,Wolfgram,Ana.Wolfgram@yopmail.com,1989-08-16,94140740702,Cardiff
Vivia,Junie,Vivia.Junie@yopmail.com,1996-04-26,30673181993,Sukhumi
Keelia,Saint,Keelia.Saint@yopmail.com,1923-02-22,35484583888,Semarang
Rosabelle,Rosalba,Rosabelle.Rosalba@yopmail.com,1913-02-26,21153233983,Chicago
Meg,Klotz,Meg.Klotz@yopmail.com,1987-01-21,71807998927,Guadalajara
Elise,Ethban,Elise.Ethban@yopmail.com,1991-07-27,41454409184,Ibadan
Margalo,Shirberg,Margalo.Shirberg@yopmail.com,1971-02-07,50068948407,Yangon
Lelah,Shields,Lelah.Shields@yopmail.com,2013-11-19,14004922338,Graz
Lyssa,Sisile,Lyssa.Sisile@yopmail.com,1905-07-24,83286595536,Mérida
Ashlee,Presber,Ashlee.Presber@yopmail.com,1977-11-21,40732281708,São Paulo
Vinita,Marden,Vinita.Marden@yopmail.com,1900-07-05,47276328644,Pago Pago
Kirbee,Morrill,Kirbee.Morrill@yopmail.com,2010-07-06,24470823872,Banjul
Marsiella,Joachim,Marsiella.Joachim@yopmail.com,1910-02-05,38123410012,Dhaka
Margarette,Idelia,Margarette.Idelia@yopmail.com,1944-04-09,99428639573,Santiago de Cuba
Alleen,Zuzana,Alleen.Zuzana@yopmail.com,1905-01-11,47332674837,Tartu
Adele,Armanda,Adele.Armanda@yopmail.com,1950-06-21,72085939216,Srinagar
Madelle,Brittani,Madelle.Brittani@yopmail.com,2013-01-18,86645556065,Douglas
Raf,Auberbach,Raf.Auberbach@yopmail.com,2007-04-27,24964592392,Belfast
Cherrita,Nunci,Cherrita.Nunci@yopmail.com,1935-09-05,56214528672,Port Elizabeth
Maisey,Stover,Maisey.Stover@yopmail.com,1914-09-21,50355607264,Jaipur
Joane,Jerold,Joane.Jerold@yopmail.com,1986-11-15,2101275531,Basse-Terre
Keelia,Strephon,Keelia.Strephon@yopmail.com,2015-08-27,49044995542,Cuiabá
Deedee,Chaing,Deedee.Chaing@yopmail.com,1987-11-13,80621688021,Sacramento
Ottilie,Casimir,Ottilie.Casimir@yopmail.com,1928-08-28,59041649753,Asunción
Jemie,Shaddock,Jemie.Shaddock@yopmail.com,1901-08-08,44624705826,Tijuana
Kittie,Ranjiv,Kittie.Ranjiv@yopmail.com,2001-10-19,84212255156,Thiès
Pierette,Vacuva,Pierette.Vacuva@yopmail.com,1960-07-28,91204625734,Oranjestad
Britte,Ailyn,Britte.Ailyn@yopmail.com,2002-11-13,12121126412,Seville
Lusa,Keelia,Lusa.Keelia@yopmail.com,1920-08-17,3151984693,Port Louis
Merle,Rogerio,Merle.Rogerio@yopmail.com,1948-04-21,47229264218,Belgrade
Jobi,Naor,Jobi.Naor@yopmail.com,1905-10-27,25143264579,Chittagong
Robinia,Henrie,Robinia.Henrie@yopmail.com,2000-08-03,93547526764,Providence
Ardeen,Greyson,Ardeen.Greyson@yopmail.com,1943-09-09,49120596127,Bridgetown
Elka,Elisha,Elka.Elisha@yopmail.com,1940-01-04,5542827978,Baltimore
Gale,Lytton,Gale.Lytton@yopmail.com,1957-12-22,68914691982,Chicago
Ilse,Erskine,Ilse.Erskine@yopmail.com,1925-07-07,87062902912,Jaipur
Gretal,Eben,Gretal.Eben@yopmail.com,1941-06-23,95696043199,Pontianak
Annice,Sherrie,Annice.Sherrie@yopmail.com,1922-07-01,39617796125,Bilbao
Florie,Amasa,Florie.Amasa@yopmail.com,1981-03-21,76641385338,Baku
Lucy,Han,Lucy.Han@yopmail.com,1964-03-25,46605582314,Murmansk
Paule,Lareena,Paule.Lareena@yopmail.com,1925-06-21,35231887105,Singapore
Jillayne,Moseley,Jillayne.Moseley@yopmail.com,2016-11-01,49845328100,Lanzhou
Neila,Weinreb,Neila.Weinreb@yopmail.com,2009-07-16,58500630167,Bergen
Beatriz,Auberbach,Beatriz.Auberbach@yopmail.com,1943-05-20,64718734161,Sacramento
Nollie,Raama,Nollie.Raama@yopmail.com,1957-02-28,49861404666,Salt Lake City
Hyacinthe,Arquit,Hyacinthe.Arquit@yopmail.com,1978-04-24,47071752790,Taipei
Daune,Gemini,Daune.Gemini@yopmail.com,2003-11-14,20688518173,Jakarta
Ilse,Yate,Ilse.Yate@yopmail.com,2013-03-30,47562878784,Pristina
Lelah,Sherrie,Lelah.Sherrie@yopmail.com,1998-05-07,24130907465,Linz
Clo,Amadas,Clo.Amadas@yopmail.com,1912-12-15,40708035037,Damascus
Gratia,Shirberg,Gratia.Shirberg@yopmail.com,1966-07-29,33184361582,Arbil
Tera,Erich,Tera.Erich@yopmail.com,1923-11-04,92800552635,Sri Jayawardenapura-Kotte
Amelia,Nance,Amelia.Nance@yopmail.com,1969-08-01,33020406029,Cairns
Winifred,Imelida,Winifred.Imelida@yopmail.com,2013-04-07,79407945802,Düsseldorf
Shandie,Niccolo,Shandie.Niccolo@yopmail.com,1967-11-26,34641687869,Hai Phong
Lila,Brandice,Lila.Brandice@yopmail.com,1962-01-16,75057689628,Asunción
Morganica,Greyson,Morganica.Greyson@yopmail.com,2019-11-16,50794853128,Stepanakert
Carly,Abram,Carly.Abram@yopmail.com,1971-02-24,53380002073,Dili
Gale,Linskey,Gale.Linskey@yopmail.com,1953-09-08,20622597235,Miami
Doro,Callista,Doro.Callista@yopmail.com,2012-02-12,82553101734,Phuket (city)
Angela,Juan,Angela.Juan@yopmail.com,1937-02-12,2050855097,Toulouse
Eadie,Dosia,Eadie.Dosia@yopmail.com,1928-05-19,85877497858,Phuket (city)
Cindelyn,Adore,Cindelyn.Adore@yopmail.com,1933-02-19,82818467213,Angra do Heroísmo
Dale,Frodi,Dale.Frodi@yopmail.com,1953-11-07,17209709212,Vatican City
Lucille,Sadowski,Lucille.Sadowski@yopmail.com,1993-09-20,96502804679,Ottawa
Grier,Minetta,Grier.Minetta@yopmail.com,2016-07-26,23216884120,Puebla
Dorice,Longfellow,Dorice.Longfellow@yopmail.com,1969-01-07,78670522987,Doha
Anica,Ehrman,Anica.Ehrman@yopmail.com,2011-01-10,23794944097,Geelong
Eolanda,Primalia,Eolanda.Primalia@yopmail.com,1916-09-14,76429490722,Leipzig
Therine,Connelly,Therine.Connelly@yopmail.com,1958-02-12,71414708939,Cologne
Nariko,Kress,Nariko.Kress@yopmail.com,1949-05-21,44530565954,Santo Domingo
Rhoda,Dorothy,Rhoda.Dorothy@yopmail.com,1928-02-12,91827685411,Birkirkara
Feliza,Mehalek,Feliza.Mehalek@yopmail.com,2000-02-03,39830077527,Shijiazhuang
Maud,Letsou,Maud.Letsou@yopmail.com,1996-07-05,58805118022,Hong Kong
Merrie,Morgun,Merrie.Morgun@yopmail.com,1940-12-03,46199924181,Rabi Island
Flo,Sandye,Flo.Sandye@yopmail.com,2003-03-24,84031973561,Almaty
Evita,Carlson,Evita.Carlson@yopmail.com,1962-03-12,14843932748,Enugu
Sandie,Hanshaw,Sandie.Hanshaw@yopmail.com,1988-08-08,18599545547,Almaty
Lynde,Schroth,Lynde.Schroth@yopmail.com,1955-03-28,69181145269,Stockholm
Lusa,Ilka,Lusa.Ilka@yopmail.com,2000-09-16,71351421671,London
Gwyneth,Leary,Gwyneth.Leary@yopmail.com,1927-09-23,88504377994,Lviv
Annora,Sawtelle,Annora.Sawtelle@yopmail.com,1911-12-05,96652248478,Antwerp
Jsandye,Burnside,Jsandye.Burnside@yopmail.com,1915-03-06,91877912360,Nanjing
Kerrin,Rosalba,Kerrin.Rosalba@yopmail.com,1979-05-17,55529998872,Jerusalem
Chere,Norvol,Chere.Norvol@yopmail.com,1940-01-01,28476425143,Tallinn
Fanchon,Lanita,Fanchon.Lanita@yopmail.com,1915-07-05,95246319243,Hiroshima
Damaris,Aprile,Damaris.Aprile@yopmail.com,1965-11-24,56795097209,Santa Cruz de la Sierra
Damaris,Eachern,Damaris.Eachern@yopmail.com,1905-11-14,43530596808,Mérida
Gerrie,Saree,Gerrie.Saree@yopmail.com,1925-11-13,46190662029,Fortaleza
Magdalena,Gaulin,Magdalena.Gaulin@yopmail.com,1927-07-17,47558316462,Zamboanga City
Marcelline,Mott,Marcelline.Mott@yopmail.com,1908-01-06,47065720032,Puerto Williams
Lenna,Arley,Lenna.Arley@yopmail.com,1959-12-20,7697348374,Incheon
Kittie,Dorcy,Kittie.Dorcy@yopmail.com,2010-01-14,53864054220,Saskatoon
Antonietta,Arvo,Antonietta.Arvo@yopmail.com,1983-07-20,55566194050,Khartoum
Anthia,Torray,Anthia.Torray@yopmail.com,1987-11-20,56518146462,Sarajevo
Emelina,Ackerley,Emelina.Ackerley@yopmail.com,1983-06-14,29207718086,Bogor
Morganica,Reinke,Morganica.Reinke@yopmail.com,1941-03-09,89101820733,Mogadishu
Ayn,Ciro,Ayn.Ciro@yopmail.com,1984-01-21,74441470211,Port Elizabeth
Ebonee,Natica,Ebonee.Natica@yopmail.com,1908-10-25,39533732643,Samara
Tarra,Rugen,Tarra.Rugen@yopmail.com,1981-05-11,9746604788,Bergen
Marsiella,Avi,Marsiella.Avi@yopmail.com,1983-11-21,97170416811,Xining
Coral,Ummersen,Coral.Ummersen@yopmail.com,1922-02-21,71616678975,Bridgetown
Dorene,Lucienne,Dorene.Lucienne@yopmail.com,1980-02-08,65237517335,Kinshasa
Molli,Vernier,Molli.Vernier@yopmail.com,1930-10-08,2145274970,Cartagena
Dolli,Rheingold,Dolli.Rheingold@yopmail.com,1985-05-12,99570960473,Yellowknife
Bobinette,Boehike,Bobinette.Boehike@yopmail.com,1981-12-23,53320827810,Bern
Melanie,Boehike,Melanie.Boehike@yopmail.com,1926-08-08,54403575501,Reykjavík
Janey,Casimir,Janey.Casimir@yopmail.com,2009-04-01,53906110263,Novosibirsk
Bertine,Schalles,Bertine.Schalles@yopmail.com,1924-03-28,68205574862,Suez
Sarette,Winnick,Sarette.Winnick@yopmail.com,1927-01-08,44105085014,Iloilo City
Gisela,Helve,Gisela.Helve@yopmail.com,1967-10-17,38746781409,Montreal
Cecile,Sidonius,Cecile.Sidonius@yopmail.com,1995-07-25,95014737611,Serekunda
Robinia,Karl,Robinia.Karl@yopmail.com,1922-05-27,91510638397,Oklahoma City
Elyssa,Wallis,Elyssa.Wallis@yopmail.com,1982-05-07,64523577615,Albuquerque
Anallese,Hailee,Anallese.Hailee@yopmail.com,2017-09-04,41382192872,Port Vila
Misha,Kress,Misha.Kress@yopmail.com,2019-06-19,43139661385,Nukuʻalofa
Hyacinthe,Jammal,Hyacinthe.Jammal@yopmail.com,1997-01-09,74091506295,Naples
Ileana,Argus,Ileana.Argus@yopmail.com,1951-08-26,32307436405,Padang
Trixi,Birdella,Trixi.Birdella@yopmail.com,1917-10-24,74159175279,Port Said
Leeanne,McLaughlin,Leeanne.McLaughlin@yopmail.com,1925-08-17,244088050,Yekaterinburg
Tori,Anestassia,Tori.Anestassia@yopmail.com,1918-08-05,75280808542,Columbus
Hayley,Rosemary,Hayley.Rosemary@yopmail.com,1923-01-02,42968494792,Luxor
Lizzie,Dituri,Lizzie.Dituri@yopmail.com,1916-12-07,20971383898,Lhasa
Annecorinne,Vanni,Annecorinne.Vanni@yopmail.com,1967-12-28,83346685253,Tampa
Joeann,Duwalt,Joeann.Duwalt@yopmail.com,1952-10-26,91928778254,Nicosia
Corly,Faust,Corly.Faust@yopmail.com,1965-08-20,22831499266,Iquique
Nessie,Fax,Nessie.Fax@yopmail.com,1914-07-16,4592911698,Castries
Caritta,Garbe,Caritta.Garbe@yopmail.com,1990-07-20,75567988672,Kansas City
Viki,Jary,Viki.Jary@yopmail.com,1938-09-15,39881923890,Dibrugarh
Ileana,Letsou,Ileana.Letsou@yopmail.com,2004-07-26,70102273050,Bangalore
Wilma,Iaverne,Wilma.Iaverne@yopmail.com,2011-05-07,61442255988,Adelaide
Gwyneth,Grimbly,Gwyneth.Grimbly@yopmail.com,2011-01-16,84139625449,Chiang Mai
Rosene,Cleavland,Rosene.Cleavland@yopmail.com,1979-03-02,87972109347,Chengdu
Tierney,Kaete,Tierney.Kaete@yopmail.com,1970-11-27,24443684014,Naples
Marguerite,Adore,Marguerite.Adore@yopmail.com,1957-12-19,39768458717,Dunedin
Lilith,Shirberg,Lilith.Shirberg@yopmail.com,1932-04-06,49002479105,Makati City
Carlie,Wind,Carlie.Wind@yopmail.com,1928-04-03,3283665214,Istanbul
Mildrid,Ludewig,Mildrid.Ludewig@yopmail.com,2004-09-01,26603937823,Kiev
Jackie,Gahl,Jackie.Gahl@yopmail.com,1904-02-20,94620200149,Norilsk
Claresta,Malanie,Claresta.Malanie@yopmail.com,1961-02-23,91960357963,Nanning
Orelia,Odell,Orelia.Odell@yopmail.com,1940-11-09,49699638908,Semarang
Amelia,Frodi,Amelia.Frodi@yopmail.com,1944-09-21,75837907592,Dunedin
Kimmy,Brandice,Kimmy.Brandice@yopmail.com,1922-11-24,99240765806,Tabriz
Louella,Brackely,Louella.Brackely@yopmail.com,1913-03-17,17609479257,Kraków
Violet,Pond,Violet.Pond@yopmail.com,1916-06-15,26512764317,Omdurman
Wilma,Fabiola,Wilma.Fabiola@yopmail.com,1957-10-24,43506888746,Saskatoon
Lorne,Gahl,Lorne.Gahl@yopmail.com,1923-08-24,74534676702,Providence
Cherilyn,Goddard,Cherilyn.Goddard@yopmail.com,1977-03-25,91284943528,Brazzaville